filename,file_size,file_attributes,region_count,region_id,region_shape_attributes,region_attributes
../PennFudanPed/PNGImages/FudanPed00001.png,-1,"{}",2,0,"{""name"":""rect"",""x"":159,""y"":181,""width"":142,""height"":249}","{""type"":""Pedestrian"",""occluded"":{}}"
../PennFudanPed/PNGImages/FudanPed00001.png,-1,"{}",2,1,"{""name"":""rect"",""x"":419,""y"":170,""width"":115,""height"":315}","{""type"":""Pedestrian""}"
../PennFudanPed/PNGImages/FudanPed00002.png,-1,"{}",2,0,"{""name"":""rect"",""x"":67,""y"":92,""width"":123,""height"":287}","{""type"":""Pedestrian""}"
../PennFudanPed/PNGImages/FudanPed00002.png,-1,"{}",2,1,"{""name"":""rect"",""x"":145,""y"":99,""width"":82,""height"":275}","{""type"":""Pedestrian"",""occluded"":{""true"":true},""carry-on"":{""backpack"":true}}"
../PennFudanPed/PNGImages/FudanPed00003.png,-1,"{}",3,0,"{""name"":""rect"",""x"":304,""y"":134,""width"":142,""height"":286}","{""type"":""Pedestrian""}"
../PennFudanPed/PNGImages/FudanPed00003.png,-1,"{}",3,1,"{""name"":""rect"",""x"":364,""y"":143,""width"":99,""height"":269}","{""type"":""Pedestrian"",""occluded"":{""true"":true},""carry-on"":{""shoulder-bag"":true}}"
../PennFudanPed/PNGImages/FudanPed00003.png,-1,"{}",3,2,"{""name"":""rect"",""x"":293,""y"":124,""width"":119,""height"":273}","{""type"":""Pedestrian"",""occluded"":{""true"":true}}"
../PennFudanPed/PNGImages/FudanPed00004.png,-1,"{}",4,0,"{""name"":""rect"",""x"":167,""y"":59,""width"":156,""height"":278}","{""type"":""Pedestrian"",""carry-on"":{""shoulder-bag"":true}}"
../PennFudanPed/PNGImages/FudanPed00004.png,-1,"{}",4,1,"{""name"":""rect"",""x"":8,""y"":60,""width"":48,""height"":119}","{""type"":""Pedestrian"",""occluded"":{""true"":true},""carry-on"":{""hand-bag"":true}}"
../PennFudanPed/PNGImages/FudanPed00004.png,-1,"{}",4,2,"{""name"":""rect"",""x"":1,""y"":65,""width"":29,""height"":123}","{""type"":""Pedestrian"",""occluded"":{""true"":true},""carry-on"":{""shoulder-bag"":true}}"
../PennFudanPed/PNGImages/FudanPed00004.png,-1,"{}",4,3,"{""name"":""rect"",""x"":192,""y"":69,""width"":139,""height"":250}","{""type"":""Pedestrian"",""occluded"":{""true"":true},""carry-on"":{""misc"":true}}"
../PennFudanPed/PNGImages/FudanPed00005.png,-1,"{}",2,0,"{""name"":""rect"",""x"":187,""y"":58,""width"":132,""height"":277}","{""type"":""Pedestrian"",""carry-on"":{""misc"":true}}"
../PennFudanPed/PNGImages/FudanPed00005.png,-1,"{}",2,1,"{""name"":""rect"",""x"":1,""y"":52,""width"":38,""height"":105}","{""type"":""Pedestrian"",""carry-on"":{""hand-bag"":true}}"
../PennFudanPed/PNGImages/FudanPed00006.png,-1,"{}",4,0,"{""name"":""rect"",""x"":207,""y"":107,""width"":138,""height"":277}","{""type"":""Pedestrian"",""carry-on"":{""shoulder-bag"":true}}"
../PennFudanPed/PNGImages/FudanPed00006.png,-1,"{}",4,1,"{""name"":""rect"",""x"":1,""y"":107,""width"":85,""height"":276}","{""type"":""Pedestrian"",""carry-on"":{""hand-bag"":true}}"
../PennFudanPed/PNGImages/FudanPed00006.png,-1,"{}",4,2,"{""name"":""rect"",""x"":28,""y"":87,""width"":79,""height"":283}","{""type"":""Pedestrian"",""occluded"":{""true"":true},""carry-on"":{""hand-bag"":true}}"
../PennFudanPed/PNGImages/FudanPed00006.png,-1,"{}",4,3,"{""name"":""rect"",""x"":255,""y"":84,""width"":102,""height"":288}","{""type"":""Pedestrian"",""occluded"":{""true"":true},""carry-on"":{}}"
../PennFudanPed/PNGImages/FudanPed00007.png,-1,"{}",5,0,"{""name"":""rect"",""x"":111,""y"":68,""width"":106,""height"":277}","{""type"":""Pedestrian"",""carry-on"":{""hand-bag"":true,""misc"":true}}"
../PennFudanPed/PNGImages/FudanPed00007.png,-1,"{}",5,1,"{""name"":""rect"",""x"":377,""y"":75,""width"":151,""height"":301}","{""type"":""Pedestrian""}"
../PennFudanPed/PNGImages/FudanPed00007.png,-1,"{}",5,2,"{""name"":""rect"",""x"":304,""y"":107,""width"":42,""height"":85}","{""type"":""Pedestrian"",""carry-on"":{""hand-bag"":true}}"
../PennFudanPed/PNGImages/FudanPed00007.png,-1,"{}",5,3,"{""name"":""rect"",""x"":345,""y"":106,""width"":15,""height"":66}","{""type"":""Pedestrian"",""occluded"":{},""carry-on"":{}}"
../PennFudanPed/PNGImages/FudanPed00007.png,-1,"{}",5,4,"{""name"":""rect"",""x"":423,""y"":67,""width"":110,""height"":289}","{""type"":""Pedestrian"",""occluded"":{""true"":true},""carry-on"":{""hand-bag"":true}}"
../PennFudanPed/PNGImages/FudanPed00008.png,-1,"{}",3,0,"{""name"":""rect"",""x"":227,""y"":157,""width"":142,""height"":278}","{""type"":""Pedestrian"",""carry-on"":{""hand-bag"":true}}"
../PennFudanPed/PNGImages/FudanPed00008.png,-1,"{}",3,1,"{""name"":""rect"",""x"":38,""y"":178,""width"":76,""height"":184}","{""type"":""Pedestrian"",""carry-on"":{""hand-bag"":true}}"
../PennFudanPed/PNGImages/FudanPed00008.png,-1,"{}",3,2,"{""name"":""rect"",""x"":1,""y"":180,""width"":54,""height"":197}","{""type"":""Pedestrian"",""occluded"":{""true"":true},""carry-on"":{""hand-bag"":true}}"
../PennFudanPed/PNGImages/FudanPed00009.png,-1,"{}",3,0,"{""name"":""rect"",""x"":305,""y"":137,""width"":147,""height"":292}","{""type"":""Pedestrian""}"
../PennFudanPed/PNGImages/FudanPed00009.png,-1,"{}",3,1,"{""name"":""rect"",""x"":156,""y"":123,""width"":141,""height"":274}","{""type"":""Pedestrian""}"
../PennFudanPed/PNGImages/FudanPed00009.png,-1,"{}",3,2,"{""name"":""rect"",""x"":444,""y"":149,""width"":12,""height"":34}","{""type"":""Cyclist"",""occluded"":{},""carry-on"":{}}"
../PennFudanPed/PNGImages/FudanPed00010.png,-1,"{}",2,0,"{""name"":""rect"",""x"":280,""y"":89,""width"":120,""height"":284}","{""type"":""Pedestrian""}"
../PennFudanPed/PNGImages/FudanPed00010.png,-1,"{}",2,1,"{""name"":""rect"",""x"":257,""y"":103,""width"":131,""height"":249}","{""type"":""Pedestrian"",""occluded"":{""true"":true},""carry-on"":{""shoulder-bag"":true}}"
../PennFudanPed/PNGImages/FudanPed00011.png,-1,"{}",1,0,"{""name"":""rect"",""x"":277,""y"":111,""width"":160,""height"":282}","{""type"":""Pedestrian"",""carry-on"":{""shoulder-bag"":true}}"
../PennFudanPed/PNGImages/FudanPed00012.png,-1,"{}",2,0,"{""name"":""rect"",""x"":158,""y"":70,""width"":136,""height"":290}","{""type"":""Pedestrian"",""carry-on"":{""hand-bag"":true}}"
../PennFudanPed/PNGImages/FudanPed00012.png,-1,"{}",2,1,"{""name"":""rect"",""x"":327,""y"":57,""width"":111,""height"":269}","{""type"":""Pedestrian"",""carry-on"":{""shoulder-bag"":true}}"
../PennFudanPed/PNGImages/FudanPed00013.png,-1,"{}",1,0,"{""name"":""rect"",""x"":388,""y"":192,""width"":165,""height"":283}","{""type"":""Pedestrian"",""carry-on"":{""backpack"":true}}"
../PennFudanPed/PNGImages/FudanPed00014.png,-1,"{}",2,0,"{""name"":""rect"",""x"":233,""y"":85,""width"":171,""height"":281}","{""type"":""Pedestrian""}"
../PennFudanPed/PNGImages/FudanPed00014.png,-1,"{}",2,1,"{""name"":""rect"",""x"":283,""y"":80,""width"":151,""height"":277}","{""type"":""Pedestrian"",""occluded"":{""true"":true},""carry-on"":{}}"
../PennFudanPed/PNGImages/FudanPed00015.png,-1,"{}",6,0,"{""name"":""rect"",""x"":18,""y"":42,""width"":155,""height"":284}","{""type"":""Pedestrian"",""carry-on"":{""backpack"":true}}"
../PennFudanPed/PNGImages/FudanPed00015.png,-1,"{}",6,1,"{""name"":""rect"",""x"":1,""y"":55,""width"":46,""height"":114}","{""type"":""Cyclist"",""occluded"":{},""carry-on"":{}}"
../PennFudanPed/PNGImages/FudanPed00015.png,-1,"{}",6,2,"{""name"":""rect"",""x"":111,""y"":56,""width"":25,""height"":74}","{""type"":""Cyclist"",""occluded"":{},""carry-on"":{}}"
../PennFudanPed/PNGImages/FudanPed00015.png,-1,"{}",6,3,"{""name"":""rect"",""x"":131,""y"":49,""width"":21,""height"":69}","{""type"":""Cyclist"",""occluded"":{},""carry-on"":{""shoulder-bag"":true}}"
../PennFudanPed/PNGImages/FudanPed00015.png,-1,"{}",6,4,"{""name"":""rect"",""x"":48,""y"":57,""width"":13,""height"":44}","{""type"":""Cyclist"",""occluded"":{},""carry-on"":{}}"
../PennFudanPed/PNGImages/FudanPed00015.png,-1,"{}",6,5,"{""name"":""rect"",""x"":237,""y"":48,""width"":8,""height"":36}","{""type"":""Cyclist"",""occluded"":{""true"":true},""carry-on"":{}}"
../PennFudanPed/PNGImages/FudanPed00016.png,-1,"{}",8,0,"{""name"":""rect"",""x"":79,""y"":85,""width"":125,""height"":297}","{""type"":""Pedestrian""}"
../PennFudanPed/PNGImages/FudanPed00016.png,-1,"{}",8,1,"{""name"":""rect"",""x"":278,""y"":93,""width"":121,""height"":267}","{""type"":""Pedestrian""}"
../PennFudanPed/PNGImages/FudanPed00016.png,-1,"{}",8,2,"{""name"":""rect"",""x"":410,""y"":100,""width"":84,""height"":277}","{""type"":""Pedestrian""}"
../PennFudanPed/PNGImages/FudanPed00016.png,-1,"{}",8,3,"{""name"":""rect"",""x"":441,""y"":106,""width"":49,""height"":261}","{""type"":""Pedestrian"",""occluded"":{""true"":true},""carry-on"":{}}"
../PennFudanPed/PNGImages/FudanPed00016.png,-1,"{}",8,4,"{""name"":""rect"",""x"":245,""y"":95,""width"":54,""height"":179}","{""type"":""Cyclist"",""occluded"":{},""carry-on"":{""shoulder-bag"":true}}"
../PennFudanPed/PNGImages/FudanPed00016.png,-1,"{}",8,5,"{""name"":""rect"",""x"":223,""y"":99,""width"":46,""height"":123}","{""type"":""Cyclist"",""occluded"":{""true"":true},""carry-on"":{}}"
../PennFudanPed/PNGImages/FudanPed00016.png,-1,"{}",8,6,"{""name"":""rect"",""x"":351,""y"":105,""width"":54,""height"":171}","{""type"":""Cyclist"",""occluded"":{""true"":true},""carry-on"":{}}"
../PennFudanPed/PNGImages/FudanPed00016.png,-1,"{}",8,7,"{""name"":""rect"",""x"":389,""y"":103,""width"":29,""height"":156}","{""type"":""Pedestrian"",""occluded"":{""true"":true},""carry-on"":{}}"
../PennFudanPed/PNGImages/FudanPed00017.png,-1,"{}",4,0,"{""name"":""rect"",""x"":114,""y"":47,""width"":129,""height"":284}","{""type"":""Pedestrian""}"
../PennFudanPed/PNGImages/FudanPed00017.png,-1,"{}",4,1,"{""name"":""rect"",""x"":53,""y"":31,""width"":139,""height"":259}","{""type"":""Pedestrian"",""occluded"":{""true"":true},""carry-on"":{""umbrella"":true}}"
../PennFudanPed/PNGImages/FudanPed00017.png,-1,"{}",4,2,"{""name"":""rect"",""x"":15,""y"":53,""width"":20,""height"":32}","{""type"":""Cyclist"",""occluded"":{},""carry-on"":{}}"
../PennFudanPed/PNGImages/FudanPed00017.png,-1,"{}",4,3,"{""name"":""rect"",""x"":1,""y"":55,""width"":23,""height"":57}","{""type"":""Pedestrian"",""occluded"":{""true"":true},""carry-on"":{}}"
../PennFudanPed/PNGImages/FudanPed00018.png,-1,"{}",1,0,"{""name"":""rect"",""x"":19,""y"":18,""width"":106,""height"":285}","{""type"":""Pedestrian"",""carry-on"":{""hand-bag"":true}}"
../PennFudanPed/PNGImages/FudanPed00019.png,-1,"{}",2,0,"{""name"":""rect"",""x"":6,""y"":134,""width"":135,""height"":254}","{""type"":""Pedestrian"",""carry-on"":{""shoulder-bag"":true}}"
../PennFudanPed/PNGImages/FudanPed00019.png,-1,"{}",2,1,"{""name"":""rect"",""x"":193,""y"":122,""width"":145,""height"":298}","{""type"":""Pedestrian"",""carry-on"":{""shoulder-bag"":true}}"
../PennFudanPed/PNGImages/FudanPed00020.png,-1,"{}",1,0,"{""name"":""rect"",""x"":338,""y"":98,""width"":169,""height"":282}","{""type"":""Pedestrian"",""carry-on"":{""shoulder-bag"":true}}"
../PennFudanPed/PNGImages/FudanPed00021.png,-1,"{}",4,0,"{""name"":""rect"",""x"":323,""y"":75,""width"":146,""height"":291}","{""type"":""Pedestrian""}"
../PennFudanPed/PNGImages/FudanPed00021.png,-1,"{}",4,1,"{""name"":""rect"",""x"":233,""y"":92,""width"":34,""height"":74}","{""type"":""Pedestrian""}"
../PennFudanPed/PNGImages/FudanPed00021.png,-1,"{}",4,2,"{""name"":""rect"",""x"":46,""y"":94,""width"":22,""height"":65}","{""type"":""Pedestrian""}"
../PennFudanPed/PNGImages/FudanPed00021.png,-1,"{}",4,3,"{""name"":""rect"",""x"":89,""y"":88,""width"":17,""height"":70}","{""type"":""Pedestrian"",""occluded"":{""true"":true},""carry-on"":{}}"
../PennFudanPed/PNGImages/FudanPed00022.png,-1,"{}",4,0,"{""name"":""rect"",""x"":111,""y"":168,""width"":97,""height"":280}","{""type"":""Pedestrian"",""carry-on"":{""shoulder-bag"":true}}"
../PennFudanPed/PNGImages/FudanPed00022.png,-1,"{}",4,1,"{""name"":""rect"",""x"":396,""y"":170,""width"":117,""height"":284}","{""type"":""Pedestrian"",""carry-on"":{""shoulder-bag"":true}}"
../PennFudanPed/PNGImages/FudanPed00022.png,-1,"{}",4,2,"{""name"":""rect"",""x"":261,""y"":199,""width"":133,""height"":156}","{""type"":""Cyclist"",""occluded"":{},""carry-on"":{}}"
../PennFudanPed/PNGImages/FudanPed00022.png,-1,"{}",4,3,"{""name"":""rect"",""x"":1,""y"":147,""width"":76,""height"":308}","{""type"":""Pedestrian"",""occluded"":{},""carry-on"":{""shoulder-bag"":true}}"
../PennFudanPed/PNGImages/FudanPed00023.png,-1,"{}",1,0,"{""name"":""rect"",""x"":201,""y"":83,""width"":139,""height"":282}","{""type"":""Pedestrian"",""carry-on"":{""hand-bag"":true}}"
../PennFudanPed/PNGImages/FudanPed00024.png,-1,"{}",1,0,"{""name"":""rect"",""x"":102,""y"":83,""width"":167,""height"":286}","{""type"":""Pedestrian""}"
../PennFudanPed/PNGImages/FudanPed00025.png,-1,"{}",7,0,"{""name"":""rect"",""x"":225,""y"":68,""width"":170,""height"":285}","{""type"":""Pedestrian"",""carry-on"":{""shoulder-bag"":true}}"
../PennFudanPed/PNGImages/FudanPed00025.png,-1,"{}",7,1,"{""name"":""rect"",""x"":43,""y"":86,""width"":50,""height"":169}","{""type"":""Pedestrian""}"
../PennFudanPed/PNGImages/FudanPed00025.png,-1,"{}",7,2,"{""name"":""rect"",""x"":127,""y"":73,""width"":61,""height"":188}","{""type"":""Pedestrian"",""carry-on"":{""shoulder-bag"":true}}"
../PennFudanPed/PNGImages/FudanPed00025.png,-1,"{}",7,3,"{""name"":""rect"",""x"":179,""y"":52,""width"":48,""height"":202}","{""type"":""Pedestrian""}"
../PennFudanPed/PNGImages/FudanPed00025.png,-1,"{}",7,4,"{""name"":""rect"",""x"":212,""y"":72,""width"":60,""height"":189}","{""type"":""Pedestrian""}"
../PennFudanPed/PNGImages/FudanPed00025.png,-1,"{}",7,5,"{""name"":""rect"",""x"":313,""y"":61,""width"":69,""height"":204}","{""type"":""Pedestrian"",""carry-on"":{""shoulder-bag"":true}}"
../PennFudanPed/PNGImages/FudanPed00025.png,-1,"{}",7,6,"{""name"":""rect"",""x"":111,""y"":71,""width"":52,""height"":182}","{""type"":""Pedestrian"",""occluded"":{""true"":true},""carry-on"":{}}"
../PennFudanPed/PNGImages/FudanPed00026.png,-1,"{}",2,0,"{""name"":""rect"",""x"":43,""y"":77,""width"":106,""height"":311}","{""type"":""Pedestrian"",""carry-on"":{""hand-bag"":true}}"
../PennFudanPed/PNGImages/FudanPed00026.png,-1,"{}",2,1,"{""name"":""rect"",""x"":184,""y"":88,""width"":94,""height"":284}","{""type"":""Pedestrian""}"
../PennFudanPed/PNGImages/FudanPed00027.png,-1,"{}",2,0,"{""name"":""rect"",""x"":103,""y"":44,""width"":149,""height"":283}","{""type"":""Pedestrian"",""carry-on"":{""shoulder-bag"":true,""misc"":true}}"
../PennFudanPed/PNGImages/FudanPed00027.png,-1,"{}",2,1,"{""name"":""rect"",""x"":17,""y"":65,""width"":29,""height"":99}","{""type"":""Pedestrian"",""occluded"":{},""carry-on"":{}}"
../PennFudanPed/PNGImages/FudanPed00028.png,-1,"{}",3,0,"{""name"":""rect"",""x"":6,""y"":15,""width"":142,""height"":287}","{""type"":""Pedestrian""}"
../PennFudanPed/PNGImages/FudanPed00028.png,-1,"{}",3,1,"{""name"":""rect"",""x"":185,""y"":17,""width"":130,""height"":303}","{""type"":""Pedestrian""}"
../PennFudanPed/PNGImages/FudanPed00028.png,-1,"{}",3,2,"{""name"":""rect"",""x"":275,""y"":29,""width"":42,""height"":133}","{""type"":""Pedestrian"",""occluded"":{""true"":true},""carry-on"":{""shoulder-bag"":true}}"
../PennFudanPed/PNGImages/FudanPed00029.png,-1,"{}",2,0,"{""name"":""rect"",""x"":245,""y"":71,""width"":122,""height"":279}","{""type"":""Pedestrian""}"
../PennFudanPed/PNGImages/FudanPed00029.png,-1,"{}",2,1,"{""name"":""rect"",""x"":1,""y"":77,""width"":227,""height"":261}","{""type"":""Cyclist"",""occluded"":{},""carry-on"":{}}"
../PennFudanPed/PNGImages/FudanPed00030.png,-1,"{}",1,0,"{""name"":""rect"",""x"":58,""y"":84,""width"":149,""height"":290}","{""type"":""Pedestrian"",""carry-on"":{""backpack"":true}}"
../PennFudanPed/PNGImages/FudanPed00031.png,-1,"{}",1,0,"{""name"":""rect"",""x"":297,""y"":121,""width"":146,""height"":286}","{""type"":""Pedestrian""}"
../PennFudanPed/PNGImages/FudanPed00032.png,-1,"{}",1,0,"{""name"":""rect"",""x"":455,""y"":161,""width"":117,""height"":291}","{""type"":""Pedestrian"",""carry-on"":{""shoulder-bag"":true}}"
../PennFudanPed/PNGImages/FudanPed00033.png,-1,"{}",2,0,"{""name"":""rect"",""x"":164,""y"":52,""width"":139,""height"":293}","{""type"":""Pedestrian""}"
../PennFudanPed/PNGImages/FudanPed00033.png,-1,"{}",2,1,"{""name"":""rect"",""x"":331,""y"":81,""width"":43,""height"":162}","{""type"":""Pedestrian"",""occluded"":{},""carry-on"":{}}"
../PennFudanPed/PNGImages/FudanPed00034.png,-1,"{}",5,0,"{""name"":""rect"",""x"":110,""y"":36,""width"":143,""height"":293}","{""type"":""Pedestrian""}"
../PennFudanPed/PNGImages/FudanPed00034.png,-1,"{}",5,1,"{""name"":""rect"",""x"":71,""y"":56,""width"":26,""height"":41}","{""type"":""Pedestrian"",""occluded"":{""true"":true},""carry-on"":{}}"
../PennFudanPed/PNGImages/FudanPed00034.png,-1,"{}",5,2,"{""name"":""rect"",""x"":14,""y"":46,""width"":17,""height"":51}","{""type"":""Pedestrian"",""occluded"":{""true"":true},""carry-on"":{}}"
../PennFudanPed/PNGImages/FudanPed00034.png,-1,"{}",5,3,"{""name"":""rect"",""x"":1,""y"":56,""width"":18,""height"":42}","{""type"":""Pedestrian"",""occluded"":{""true"":true},""carry-on"":{}}"
../PennFudanPed/PNGImages/FudanPed00034.png,-1,"{}",5,4,"{""name"":""rect"",""x"":98,""y"":47,""width"":17,""height"":51}","{""type"":""Pedestrian"",""occluded"":{""true"":true},""carry-on"":{}}"
../PennFudanPed/PNGImages/FudanPed00035.png,-1,"{}",2,0,"{""name"":""rect"",""x"":63,""y"":38,""width"":131,""height"":292}","{""type"":""Pedestrian""}"
../PennFudanPed/PNGImages/FudanPed00035.png,-1,"{}",2,1,"{""name"":""rect"",""x"":273,""y"":23,""width"":19,""height"":54}","{""type"":""Pedestrian"",""occluded"":{},""carry-on"":{}}"
../PennFudanPed/PNGImages/FudanPed00036.png,-1,"{}",5,0,"{""name"":""rect"",""x"":130,""y"":97,""width"":148,""height"":296}","{""type"":""Pedestrian""}"
../PennFudanPed/PNGImages/FudanPed00036.png,-1,"{}",5,1,"{""name"":""rect"",""x"":801,""y"":119,""width"":135,""height"":261}","{""type"":""Pedestrian""}"
../PennFudanPed/PNGImages/FudanPed00036.png,-1,"{}",5,2,"{""name"":""rect"",""x"":243,""y"":132,""width"":86,""height"":230}","{""type"":""Pedestrian""}"
../PennFudanPed/PNGImages/FudanPed00036.png,-1,"{}",5,3,"{""name"":""rect"",""x"":725,""y"":144,""width"":63,""height"":200}","{""type"":""Pedestrian"",""carry-on"":{""hand-bag"":true}}"
../PennFudanPed/PNGImages/FudanPed00036.png,-1,"{}",5,4,"{""name"":""rect"",""x"":274,""y"":122,""width"":58,""height"":238}","{""type"":""Pedestrian"",""occluded"":{""true"":true},""carry-on"":{""misc"":true}}"
../PennFudanPed/PNGImages/FudanPed00037.png,-1,"{}",3,0,"{""name"":""rect"",""x"":258,""y"":62,""width"":156,""height"":286}","{""type"":""Pedestrian"",""carry-on"":{""hand-bag"":true}}"
../PennFudanPed/PNGImages/FudanPed00037.png,-1,"{}",3,1,"{""name"":""rect"",""x"":189,""y"":97,""width"":19,""height"":72}","{""type"":""Pedestrian""}"
../PennFudanPed/PNGImages/FudanPed00037.png,-1,"{}",3,2,"{""name"":""rect"",""x"":154,""y"":99,""width"":15,""height"":87}","{""type"":""Pedestrian"",""occluded"":{""true"":true},""carry-on"":{""hand-bag"":true}}"
../PennFudanPed/PNGImages/FudanPed00038.png,-1,"{}",2,0,"{""name"":""rect"",""x"":218,""y"":43,""width"":181,""height"":287}","{""type"":""Pedestrian""}"
../PennFudanPed/PNGImages/FudanPed00038.png,-1,"{}",2,1,"{""name"":""rect"",""x"":276,""y"":13,""width"":56,""height"":92}","{""type"":""Pedestrian"",""occluded"":{""true"":true},""carry-on"":{}}"
../PennFudanPed/PNGImages/FudanPed00039.png,-1,"{}",2,0,"{""name"":""rect"",""x"":136,""y"":136,""width"":62,""height"":174}","{""type"":""Pedestrian""}"
../PennFudanPed/PNGImages/FudanPed00039.png,-1,"{}",2,1,"{""name"":""rect"",""x"":230,""y"":129,""width"":113,""height"":280}","{""type"":""Pedestrian"",""carry-on"":{""misc"":true}}"
../PennFudanPed/PNGImages/FudanPed00040.png,-1,"{}",3,0,"{""name"":""rect"",""x"":200,""y"":156,""width"":78,""height"":280}","{""type"":""Pedestrian""}"
../PennFudanPed/PNGImages/FudanPed00040.png,-1,"{}",3,1,"{""name"":""rect"",""x"":278,""y"":171,""width"":98,""height"":258}","{""type"":""Pedestrian""}"
../PennFudanPed/PNGImages/FudanPed00040.png,-1,"{}",3,2,"{""name"":""rect"",""x"":112,""y"":256,""width"":41,""height"":111}","{""type"":""Pedestrian"",""occluded"":{},""carry-on"":{}}"
../PennFudanPed/PNGImages/FudanPed00041.png,-1,"{}",7,0,"{""name"":""rect"",""x"":350,""y"":160,""width"":88,""height"":276}","{""type"":""Pedestrian"",""carry-on"":{""shoulder-bag"":true}}"
../PennFudanPed/PNGImages/FudanPed00041.png,-1,"{}",7,1,"{""name"":""rect"",""x"":283,""y"":180,""width"":73,""height"":258}","{""type"":""Pedestrian"",""carry-on"":{""backpack"":true}}"
../PennFudanPed/PNGImages/FudanPed00041.png,-1,"{}",7,2,"{""name"":""rect"",""x"":41,""y"":185,""width"":68,""height"":202}","{""type"":""Pedestrian""}"
../PennFudanPed/PNGImages/FudanPed00041.png,-1,"{}",7,3,"{""name"":""rect"",""x"":2,""y"":151,""width"":63,""height"":353}","{""type"":""Pedestrian"",""occluded"":{""true"":true},""carry-on"":{}}"
../PennFudanPed/PNGImages/FudanPed00041.png,-1,"{}",7,4,"{""name"":""rect"",""x"":74,""y"":165,""width"":45,""height"":63}","{""type"":""Pedestrian"",""occluded"":{""true"":true},""carry-on"":{}}"
../PennFudanPed/PNGImages/FudanPed00041.png,-1,"{}",7,5,"{""name"":""rect"",""x"":380,""y"":149,""width"":55,""height"":229}","{""type"":""Cyclist"",""occluded"":{""true"":true},""carry-on"":{}}"
../PennFudanPed/PNGImages/FudanPed00041.png,-1,"{}",7,6,"{""name"":""rect"",""x"":415,""y"":161,""width"":51,""height"":173}","{""type"":""Pedestrian"",""occluded"":{""true"":true},""carry-on"":{}}"
../PennFudanPed/PNGImages/FudanPed00042.png,-1,"{}",6,0,"{""name"":""rect"",""x"":158,""y"":185,""width"":91,""height"":284}","{""type"":""Pedestrian"",""carry-on"":{""hand-bag"":true,""misc"":true}}"
../PennFudanPed/PNGImages/FudanPed00042.png,-1,"{}",6,1,"{""name"":""rect"",""x"":287,""y"":155,""width"":104,""height"":293}","{""type"":""Pedestrian"",""carry-on"":{""misc"":true}}"
../PennFudanPed/PNGImages/FudanPed00042.png,-1,"{}",6,2,"{""name"":""rect"",""x"":376,""y"":175,""width"":77,""height"":126}","{""type"":""Pedestrian"",""occluded"":{""true"":true},""carry-on"":{}}"
../PennFudanPed/PNGImages/FudanPed00042.png,-1,"{}",6,3,"{""name"":""rect"",""x"":379,""y"":183,""width"":116,""height"":88}","{""type"":""Pedestrian"",""occluded"":{""true"":true},""carry-on"":{}}"
../PennFudanPed/PNGImages/FudanPed00042.png,-1,"{}",6,4,"{""name"":""rect"",""x"":451,""y"":275,""width"":97,""height"":269}","{""type"":""Pedestrian"",""occluded"":{""true"":true},""carry-on"":{}}"
../PennFudanPed/PNGImages/FudanPed00042.png,-1,"{}",6,5,"{""name"":""rect"",""x"":508,""y"":170,""width"":79,""height"":376}","{""type"":""Pedestrian"",""occluded"":{""true"":true},""carry-on"":{}}"
../PennFudanPed/PNGImages/FudanPed00043.png,-1,"{}",7,0,"{""name"":""rect"",""x"":63,""y"":138,""width"":83,""height"":287}","{""type"":""Pedestrian"",""carry-on"":{""shoulder-bag"":true}}"
../PennFudanPed/PNGImages/FudanPed00043.png,-1,"{}",7,1,"{""name"":""rect"",""x"":143,""y"":138,""width"":105,""height"":296}","{""type"":""Pedestrian"",""carry-on"":{""shoulder-bag"":true}}"
../PennFudanPed/PNGImages/FudanPed00043.png,-1,"{}",7,2,"{""name"":""rect"",""x"":260,""y"":127,""width"":97,""height"":303}","{""type"":""Pedestrian"",""carry-on"":{""backpack"":true}}"
../PennFudanPed/PNGImages/FudanPed00043.png,-1,"{}",7,3,"{""name"":""rect"",""x"":365,""y"":153,""width"":127,""height"":187}","{""type"":""Cyclist"",""occluded"":{},""carry-on"":{}}"
../PennFudanPed/PNGImages/FudanPed00043.png,-1,"{}",7,4,"{""name"":""rect"",""x"":39,""y"":159,""width"":43,""height"":206}","{""type"":""Pedestrian"",""occluded"":{""true"":true},""carry-on"":{}}"
../PennFudanPed/PNGImages/FudanPed00043.png,-1,"{}",7,5,"{""name"":""rect"",""x"":219,""y"":137,""width"":51,""height"":267}","{""type"":""Pedestrian"",""occluded"":{""true"":true},""carry-on"":{}}"
../PennFudanPed/PNGImages/FudanPed00043.png,-1,"{}",7,6,"{""name"":""rect"",""x"":128,""y"":139,""width"":42,""height"":269}","{""type"":""Pedestrian"",""occluded"":{""true"":true},""carry-on"":{}}"
../PennFudanPed/PNGImages/FudanPed00044.png,-1,"{}",6,0,"{""name"":""rect"",""x"":239,""y"":169,""width"":101,""height"":292}","{""type"":""Pedestrian"",""carry-on"":{""hand-bag"":true}}"
../PennFudanPed/PNGImages/FudanPed00044.png,-1,"{}",6,1,"{""name"":""rect"",""x"":336,""y"":174,""width"":89,""height"":289}","{""type"":""Pedestrian"",""carry-on"":{""misc"":true}}"
../PennFudanPed/PNGImages/FudanPed00044.png,-1,"{}",6,2,"{""name"":""rect"",""x"":29,""y"":128,""width"":152,""height"":363}","{""type"":""Pedestrian"",""carry-on"":{""hand-bag"":true}}"
../PennFudanPed/PNGImages/FudanPed00044.png,-1,"{}",6,3,"{""name"":""rect"",""x"":435,""y"":156,""width"":65,""height"":245}","{""type"":""Pedestrian"",""carry-on"":{""backpack"":true}}"
../PennFudanPed/PNGImages/FudanPed00044.png,-1,"{}",6,4,"{""name"":""rect"",""x"":399,""y"":143,""width"":48,""height"":235}","{""type"":""Pedestrian"",""occluded"":{""true"":true},""carry-on"":{}}"
../PennFudanPed/PNGImages/FudanPed00044.png,-1,"{}",6,5,"{""name"":""rect"",""x"":318,""y"":165,""width"":57,""height"":233}","{""type"":""Pedestrian"",""occluded"":{""true"":true},""carry-on"":{}}"
../PennFudanPed/PNGImages/FudanPed00045.png,-1,"{}",8,0,"{""name"":""rect"",""x"":197,""y"":197,""width"":96,""height"":283}","{""type"":""Pedestrian""}"
../PennFudanPed/PNGImages/FudanPed00045.png,-1,"{}",8,1,"{""name"":""rect"",""x"":318,""y"":200,""width"":84,""height"":298}","{""type"":""Pedestrian"",""carry-on"":{""shoulder-bag"":true,""misc"":true}}"
../PennFudanPed/PNGImages/FudanPed00045.png,-1,"{}",8,2,"{""name"":""rect"",""x"":394,""y"":211,""width"":74,""height"":283}","{""type"":""Pedestrian"",""carry-on"":{""misc"":true}}"
../PennFudanPed/PNGImages/FudanPed00045.png,-1,"{}",8,3,"{""name"":""rect"",""x"":82,""y"":198,""width"":58,""height"":130}","{""type"":""Pedestrian"",""occluded"":{},""carry-on"":{""backpack"":true}}"
../PennFudanPed/PNGImages/FudanPed00045.png,-1,"{}",8,4,"{""name"":""rect"",""x"":165,""y"":182,""width"":58,""height"":157}","{""type"":""Pedestrian"",""occluded"":{""true"":true},""carry-on"":{""backpack"":true}}"
../PennFudanPed/PNGImages/FudanPed00045.png,-1,"{}",8,5,"{""name"":""rect"",""x"":134,""y"":197,""width"":34,""height"":134}","{""type"":""Pedestrian"",""occluded"":{""true"":true},""carry-on"":{""misc"":true}}"
../PennFudanPed/PNGImages/FudanPed00045.png,-1,"{}",8,6,"{""name"":""rect"",""x"":253,""y"":197,""width"":57,""height"":220}","{""type"":""Pedestrian"",""occluded"":{""true"":true},""carry-on"":{}}"
../PennFudanPed/PNGImages/FudanPed00045.png,-1,"{}",8,7,"{""name"":""rect"",""x"":441,""y"":185,""width"":45,""height"":92}","{""type"":""Pedestrian"",""occluded"":{""true"":true},""carry-on"":{}}"
../PennFudanPed/PNGImages/FudanPed00046.png,-1,"{}",8,0,"{""name"":""rect"",""x"":177,""y"":122,""width"":93,""height"":287}","{""type"":""Pedestrian"",""carry-on"":{""backpack"":true}}"
../PennFudanPed/PNGImages/FudanPed00046.png,-1,"{}",8,1,"{""name"":""rect"",""x"":298,""y"":113,""width"":71,""height"":221}","{""type"":""Pedestrian""}"
../PennFudanPed/PNGImages/FudanPed00046.png,-1,"{}",8,2,"{""name"":""rect"",""x"":445,""y"":103,""width"":61,""height"":211}","{""type"":""Pedestrian""}"
../PennFudanPed/PNGImages/FudanPed00046.png,-1,"{}",8,3,"{""name"":""rect"",""x"":520,""y"":118,""width"":44,""height"":139}","{""type"":""Pedestrian"",""carry-on"":{""backpack"":true}}"
../PennFudanPed/PNGImages/FudanPed00046.png,-1,"{}",8,4,"{""name"":""rect"",""x"":233,""y"":117,""width"":83,""height"":274}","{""type"":""Cyclist"",""occluded"":{""true"":true},""carry-on"":{}}"
../PennFudanPed/PNGImages/FudanPed00046.png,-1,"{}",8,5,"{""name"":""rect"",""x"":341,""y"":121,""width"":93,""height"":208}","{""type"":""Cyclist"",""occluded"":{""true"":true},""carry-on"":{}}"
../PennFudanPed/PNGImages/FudanPed00046.png,-1,"{}",8,6,"{""name"":""rect"",""x"":475,""y"":107,""width"":51,""height"":115}","{""type"":""Cyclist"",""occluded"":{""true"":true},""carry-on"":{}}"
../PennFudanPed/PNGImages/FudanPed00046.png,-1,"{}",8,7,"{""name"":""rect"",""x"":103,""y"":122,""width"":87,""height"":164}","{""type"":""Cyclist"",""occluded"":{""true"":true},""carry-on"":{}}"
../PennFudanPed/PNGImages/FudanPed00047.png,-1,"{}",6,0,"{""name"":""rect"",""x"":271,""y"":197,""width"":99,""height"":284}","{""type"":""Pedestrian"",""carry-on"":{""backpack"":true}}"
../PennFudanPed/PNGImages/FudanPed00047.png,-1,"{}",6,1,"{""name"":""rect"",""x"":30,""y"":194,""width"":59,""height"":232}","{""type"":""Pedestrian""}"
../PennFudanPed/PNGImages/FudanPed00047.png,-1,"{}",6,2,"{""name"":""rect"",""x"":383,""y"":184,""width"":46,""height"":113}","{""type"":""Pedestrian""}"
../PennFudanPed/PNGImages/FudanPed00047.png,-1,"{}",6,3,"{""name"":""rect"",""x"":71,""y"":193,""width"":186,""height"":325}","{""type"":""Cyclist"",""occluded"":{},""carry-on"":{""backpack"":true}}"
../PennFudanPed/PNGImages/FudanPed00047.png,-1,"{}",6,4,"{""name"":""rect"",""x"":223,""y"":189,""width"":83,""height"":268}","{""type"":""Cyclist"",""occluded"":{""true"":true},""carry-on"":{}}"
../PennFudanPed/PNGImages/FudanPed00047.png,-1,"{}",6,5,"{""name"":""rect"",""x"":435,""y"":171,""width"":36,""height"":163}","{""type"":""Cyclist"",""occluded"":{""true"":true},""carry-on"":{}}"
../PennFudanPed/PNGImages/FudanPed00048.png,-1,"{}",6,0,"{""name"":""rect"",""x"":5,""y"":241,""width"":78,""height"":293}","{""type"":""Pedestrian""}"
../PennFudanPed/PNGImages/FudanPed00048.png,-1,"{}",6,1,"{""name"":""rect"",""x"":78,""y"":230,""width"":65,""height"":224}","{""type"":""Pedestrian""}"
../PennFudanPed/PNGImages/FudanPed00048.png,-1,"{}",6,2,"{""name"":""rect"",""x"":157,""y"":218,""width"":93,""height"":288}","{""type"":""Pedestrian"",""carry-on"":{""shoulder-bag"":true}}"
../PennFudanPed/PNGImages/FudanPed00048.png,-1,"{}",6,3,"{""name"":""rect"",""x"":459,""y"":262,""width"":120,""height"":281}","{""type"":""Pedestrian"",""carry-on"":{""hand-bag"":true}}"
../PennFudanPed/PNGImages/FudanPed00048.png,-1,"{}",6,4,"{""name"":""rect"",""x"":145,""y"":228,""width"":65,""height"":263}","{""type"":""Pedestrian"",""occluded"":{""true"":true},""carry-on"":{}}"
../PennFudanPed/PNGImages/FudanPed00048.png,-1,"{}",6,5,"{""name"":""rect"",""x"":320,""y"":245,""width"":53,""height"":129}","{""type"":""Cyclist"",""occluded"":{},""carry-on"":{}}"
../PennFudanPed/PNGImages/FudanPed00049.png,-1,"{}",3,0,"{""name"":""rect"",""x"":126,""y"":122,""width"":86,""height"":289}","{""type"":""Pedestrian"",""carry-on"":{""backpack"":true}}"
../PennFudanPed/PNGImages/FudanPed00049.png,-1,"{}",3,1,"{""name"":""rect"",""x"":213,""y"":105,""width"":107,""height"":286}","{""type"":""Pedestrian"",""carry-on"":{""backpack"":true}}"
../PennFudanPed/PNGImages/FudanPed00049.png,-1,"{}",3,2,"{""name"":""rect"",""x"":314,""y"":106,""width"":120,""height"":280}","{""type"":""Pedestrian"",""carry-on"":{""backpack"":true}}"
../PennFudanPed/PNGImages/FudanPed00050.png,-1,"{}",2,0,"{""name"":""rect"",""x"":32,""y"":202,""width"":102,""height"":281}","{""type"":""Pedestrian"",""carry-on"":{""misc"":true}}"
../PennFudanPed/PNGImages/FudanPed00050.png,-1,"{}",2,1,"{""name"":""rect"",""x"":290,""y"":204,""width"":78,""height"":207}","{""type"":""Pedestrian"",""carry-on"":{""backpack"":true}}"
../PennFudanPed/PNGImages/FudanPed00051.png,-1,"{}",1,0,"{""name"":""rect"",""x"":125,""y"":190,""width"":92,""height"":285}","{""type"":""Pedestrian""}"
../PennFudanPed/PNGImages/FudanPed00052.png,-1,"{}",1,0,"{""name"":""rect"",""x"":205,""y"":188,""width"":102,""height"":303}","{""type"":""Pedestrian""}"
../PennFudanPed/PNGImages/FudanPed00053.png,-1,"{}",2,0,"{""name"":""rect"",""x"":93,""y"":168,""width"":101,""height"":263}","{""type"":""Pedestrian"",""carry-on"":{""shoulder-bag"":true}}"
../PennFudanPed/PNGImages/FudanPed00053.png,-1,"{}",2,1,"{""name"":""rect"",""x"":388,""y"":149,""width"":110,""height"":303}","{""type"":""Pedestrian""}"
../PennFudanPed/PNGImages/FudanPed00054.png,-1,"{}",4,0,"{""name"":""rect"",""x"":96,""y"":134,""width"":85,""height"":283}","{""type"":""Pedestrian"",""carry-on"":{""misc"":true,""backpack"":true}}"
../PennFudanPed/PNGImages/FudanPed00054.png,-1,"{}",4,1,"{""name"":""rect"",""x"":286,""y"":113,""width"":71,""height"":218}","{""type"":""Pedestrian""}"
../PennFudanPed/PNGImages/FudanPed00054.png,-1,"{}",4,2,"{""name"":""rect"",""x"":363,""y"":120,""width"":73,""height"":208}","{""type"":""Pedestrian"",""carry-on"":{""shoulder-bag"":true}}"
../PennFudanPed/PNGImages/FudanPed00054.png,-1,"{}",4,3,"{""name"":""rect"",""x"":489,""y"":119,""width"":29,""height"":76}","{""type"":""Pedestrian"",""occluded"":{},""carry-on"":{}}"
../PennFudanPed/PNGImages/FudanPed00055.png,-1,"{}",1,0,"{""name"":""rect"",""x"":147,""y"":177,""width"":152,""height"":352}","{""type"":""Pedestrian"",""carry-on"":{""hand-bag"":true}}"
../PennFudanPed/PNGImages/FudanPed00056.png,-1,"{}",3,0,"{""name"":""rect"",""x"":438,""y"":246,""width"":98,""height"":275}","{""type"":""Pedestrian"",""carry-on"":{""hand-bag"":true}}"
../PennFudanPed/PNGImages/FudanPed00056.png,-1,"{}",3,1,"{""name"":""rect"",""x"":199,""y"":258,""width"":70,""height"":270}","{""type"":""Pedestrian""}"
../PennFudanPed/PNGImages/FudanPed00056.png,-1,"{}",3,2,"{""name"":""rect"",""x"":165,""y"":213,""width"":208,""height"":315}","{""type"":""Pedestrian"",""carry-on"":{""umbrella"":true,""hand-bag"":true}}"
../PennFudanPed/PNGImages/FudanPed00057.png,-1,"{}",7,0,"{""name"":""rect"",""x"":21,""y"":90,""width"":121,""height"":315}","{""type"":""Pedestrian"",""carry-on"":{""shoulder-bag"":true}}"
../PennFudanPed/PNGImages/FudanPed00057.png,-1,"{}",7,1,"{""name"":""rect"",""x"":130,""y"":92,""width"":74,""height"":265}","{""type"":""Pedestrian"",""carry-on"":{""hand-bag"":true}}"
../PennFudanPed/PNGImages/FudanPed00057.png,-1,"{}",7,2,"{""name"":""rect"",""x"":236,""y"":82,""width"":75,""height"":273}","{""type"":""Pedestrian"",""carry-on"":{""backpack"":true}}"
../PennFudanPed/PNGImages/FudanPed00057.png,-1,"{}",7,3,"{""name"":""rect"",""x"":342,""y"":116,""width"":45,""height"":150}","{""type"":""Pedestrian""}"
../PennFudanPed/PNGImages/FudanPed00057.png,-1,"{}",7,4,"{""name"":""rect"",""x"":385,""y"":115,""width"":45,""height"":134}","{""type"":""Pedestrian"",""carry-on"":{""shoulder-bag"":true}}"
../PennFudanPed/PNGImages/FudanPed00057.png,-1,"{}",7,5,"{""name"":""rect"",""x"":0,""y"":89,""width"":39,""height"":135}","{""type"":""Pedestrian"",""occluded"":{},""carry-on"":{""umbrella"":true}}"
../PennFudanPed/PNGImages/FudanPed00057.png,-1,"{}",7,6,"{""name"":""rect"",""x"":293,""y"":110,""width"":42,""height"":152}","{""type"":""Pedestrian"",""occluded"":{""true"":true},""carry-on"":{""shoulder-bag"":true}}"
../PennFudanPed/PNGImages/FudanPed00058.png,-1,"{}",8,0,"{""name"":""rect"",""x"":133,""y"":91,""width"":127,""height"":371}","{""type"":""Pedestrian"",""carry-on"":{""shoulder-bag"":true}}"
../PennFudanPed/PNGImages/FudanPed00058.png,-1,"{}",8,1,"{""name"":""rect"",""x"":42,""y"":122,""width"":21,""height"":88}","{""type"":""Pedestrian""}"
../PennFudanPed/PNGImages/FudanPed00058.png,-1,"{}",8,2,"{""name"":""rect"",""x"":279,""y"":101,""width"":61,""height"":178}","{""type"":""Pedestrian"",""carry-on"":{""misc"":true}}"
../PennFudanPed/PNGImages/FudanPed00058.png,-1,"{}",8,3,"{""name"":""rect"",""x"":352,""y"":96,""width"":53,""height"":179}","{""type"":""Pedestrian"",""carry-on"":{""misc"":true}}"
../PennFudanPed/PNGImages/FudanPed00058.png,-1,"{}",8,4,"{""name"":""rect"",""x"":423,""y"":125,""width"":23,""height"":56}","{""type"":""Pedestrian"",""carry-on"":{""misc"":true}}"
../PennFudanPed/PNGImages/FudanPed00058.png,-1,"{}",8,5,"{""name"":""rect"",""x"":461,""y"":125,""width"":12,""height"":45}","{""type"":""Pedestrian""}"
../PennFudanPed/PNGImages/FudanPed00058.png,-1,"{}",8,6,"{""name"":""rect"",""x"":472,""y"":132,""width"":16,""height"":50}","{""type"":""Pedestrian""}"
../PennFudanPed/PNGImages/FudanPed00058.png,-1,"{}",8,7,"{""name"":""rect"",""x"":491,""y"":120,""width"":25,""height"":81}","{""type"":""Pedestrian""}"
../PennFudanPed/PNGImages/FudanPed00059.png,-1,"{}",3,0,"{""name"":""rect"",""x"":34,""y"":53,""width"":100,""height"":276}","{""type"":""Pedestrian"",""carry-on"":{""hand-bag"":true}}"
../PennFudanPed/PNGImages/FudanPed00059.png,-1,"{}",3,1,"{""name"":""rect"",""x"":158,""y"":35,""width"":93,""height"":293}","{""type"":""Pedestrian"",""carry-on"":{""hand-bag"":true,""misc"":true}}"
../PennFudanPed/PNGImages/FudanPed00059.png,-1,"{}",3,2,"{""name"":""rect"",""x"":269,""y"":44,""width"":147,""height"":283}","{""type"":""Pedestrian"",""carry-on"":{""hand-bag"":true}}"
../PennFudanPed/PNGImages/FudanPed00060.png,-1,"{}",3,0,"{""name"":""rect"",""x"":147,""y"":140,""width"":143,""height"":286}","{""type"":""Pedestrian"",""carry-on"":{""hand-bag"":true}}"
../PennFudanPed/PNGImages/FudanPed00060.png,-1,"{}",3,1,"{""name"":""rect"",""x"":292,""y"":129,""width"":100,""height"":300}","{""type"":""Pedestrian"",""carry-on"":{""hand-bag"":true}}"
../PennFudanPed/PNGImages/FudanPed00060.png,-1,"{}",3,2,"{""name"":""rect"",""x"":378,""y"":148,""width"":119,""height"":278}","{""type"":""Pedestrian"",""carry-on"":{""hand-bag"":true}}"
../PennFudanPed/PNGImages/FudanPed00061.png,-1,"{}",4,0,"{""name"":""rect"",""x"":164,""y"":69,""width"":101,""height"":283}","{""type"":""Pedestrian""}"
../PennFudanPed/PNGImages/FudanPed00061.png,-1,"{}",4,1,"{""name"":""rect"",""x"":342,""y"":85,""width"":86,""height"":295}","{""type"":""Pedestrian""}"
../PennFudanPed/PNGImages/FudanPed00061.png,-1,"{}",4,2,"{""name"":""rect"",""x"":405,""y"":84,""width"":125,""height"":302}","{""type"":""Pedestrian"",""carry-on"":{""shoulder-bag"":true}}"
../PennFudanPed/PNGImages/FudanPed00061.png,-1,"{}",4,3,"{""name"":""rect"",""x"":162,""y"":76,""width"":57,""height"":266}","{""type"":""Pedestrian"",""occluded"":{""true"":true},""carry-on"":{}}"
../PennFudanPed/PNGImages/FudanPed00062.png,-1,"{}",2,0,"{""name"":""rect"",""x"":174,""y"":24,""width"":80,""height"":296}","{""type"":""Pedestrian""}"
../PennFudanPed/PNGImages/FudanPed00062.png,-1,"{}",2,1,"{""name"":""rect"",""x"":290,""y"":33,""width"":86,""height"":296}","{""type"":""Pedestrian""}"
../PennFudanPed/PNGImages/FudanPed00063.png,-1,"{}",6,0,"{""name"":""rect"",""x"":28,""y"":37,""width"":85,""height"":294}","{""type"":""Pedestrian""}"
../PennFudanPed/PNGImages/FudanPed00063.png,-1,"{}",6,1,"{""name"":""rect"",""x"":155,""y"":41,""width"":106,""height"":287}","{""type"":""Pedestrian""}"
../PennFudanPed/PNGImages/FudanPed00063.png,-1,"{}",6,2,"{""name"":""rect"",""x"":311,""y"":53,""width"":18,""height"":45}","{""type"":""Pedestrian""}"
../PennFudanPed/PNGImages/FudanPed00063.png,-1,"{}",6,3,"{""name"":""rect"",""x"":296,""y"":53,""width"":6,""height"":19}","{""type"":""Pedestrian""}"
../PennFudanPed/PNGImages/FudanPed00063.png,-1,"{}",6,4,"{""name"":""rect"",""x"":304,""y"":52,""width"":5,""height"":20}","{""type"":""Pedestrian""}"
../PennFudanPed/PNGImages/FudanPed00063.png,-1,"{}",6,5,"{""name"":""rect"",""x"":127,""y"":39,""width"":62,""height"":188}","{""type"":""Pedestrian"",""occluded"":{""true"":true},""carry-on"":{}}"
../PennFudanPed/PNGImages/FudanPed00064.png,-1,"{}",4,0,"{""name"":""rect"",""x"":140,""y"":97,""width"":99,""height"":289}","{""type"":""Pedestrian""}"
../PennFudanPed/PNGImages/FudanPed00064.png,-1,"{}",4,1,"{""name"":""rect"",""x"":316,""y"":100,""width"":83,""height"":294}","{""type"":""Pedestrian""}"
../PennFudanPed/PNGImages/FudanPed00064.png,-1,"{}",4,2,"{""name"":""rect"",""x"":399,""y"":111,""width"":117,""height"":295}","{""type"":""Pedestrian""}"
../PennFudanPed/PNGImages/FudanPed00064.png,-1,"{}",4,3,"{""name"":""rect"",""x"":453,""y"":124,""width"":47,""height"":174}","{""type"":""Pedestrian"",""occluded"":{""true"":true},""carry-on"":{}}"
../PennFudanPed/PNGImages/FudanPed00065.png,-1,"{}",5,0,"{""name"":""rect"",""x"":28,""y"":68,""width"":123,""height"":313}","{""type"":""Pedestrian"",""carry-on"":{""shoulder-bag"":true,""hand-bag"":true}}"
../PennFudanPed/PNGImages/FudanPed00065.png,-1,"{}",5,1,"{""name"":""rect"",""x"":146,""y"":83,""width"":95,""height"":301}","{""type"":""Pedestrian"",""carry-on"":{""shoulder-bag"":true}}"
../PennFudanPed/PNGImages/FudanPed00065.png,-1,"{}",5,2,"{""name"":""rect"",""x"":233,""y"":69,""width"":77,""height"":323}","{""type"":""Pedestrian""}"
../PennFudanPed/PNGImages/FudanPed00065.png,-1,"{}",5,3,"{""name"":""rect"",""x"":341,""y"":87,""width"":88,""height"":263}","{""type"":""Pedestrian"",""carry-on"":{""shoulder-bag"":true}}"
../PennFudanPed/PNGImages/FudanPed00065.png,-1,"{}",5,4,"{""name"":""rect"",""x"":12,""y"":57,""width"":51,""height"":125}","{""type"":""Pedestrian"",""carry-on"":{""shoulder-bag"":true}}"
../PennFudanPed/PNGImages/FudanPed00066.png,-1,"{}",1,0,"{""name"":""rect"",""x"":247,""y"":49,""width"":81,""height"":301}","{""type"":""Pedestrian""}"
../PennFudanPed/PNGImages/FudanPed00067.png,-1,"{}",1,0,"{""name"":""rect"",""x"":61,""y"":78,""width"":122,""height"":296}","{""type"":""Pedestrian""}"
../PennFudanPed/PNGImages/FudanPed00068.png,-1,"{}",1,0,"{""name"":""rect"",""x"":248,""y"":65,""width"":69,""height"":295}","{""type"":""Pedestrian""}"
../PennFudanPed/PNGImages/FudanPed00069.png,-1,"{}",1,0,"{""name"":""rect"",""x"":214,""y"":69,""width"":100,""height"":293}","{""type"":""Pedestrian""}"
../PennFudanPed/PNGImages/FudanPed00070.png,-1,"{}",1,0,"{""name"":""rect"",""x"":287,""y"":69,""width"":82,""height"":294}","{""type"":""Pedestrian""}"
../PennFudanPed/PNGImages/FudanPed00071.png,-1,"{}",4,0,"{""name"":""rect"",""x"":120,""y"":43,""width"":125,""height"":286}","{""type"":""Pedestrian"",""carry-on"":{""shoulder-bag"":true}}"
../PennFudanPed/PNGImages/FudanPed00071.png,-1,"{}",4,1,"{""name"":""rect"",""x"":255,""y"":36,""width"":83,""height"":311}","{""type"":""Pedestrian"",""carry-on"":{""shoulder-bag"":true}}"
../PennFudanPed/PNGImages/FudanPed00071.png,-1,"{}",4,2,"{""name"":""rect"",""x"":225,""y"":51,""width"":29,""height"":67}","{""type"":""Pedestrian""}"
../PennFudanPed/PNGImages/FudanPed00071.png,-1,"{}",4,3,"{""name"":""rect"",""x"":308,""y"":27,""width"":47,""height"":176}","{""type"":""Pedestrian"",""occluded"":{""true"":true},""carry-on"":{}}"
../PennFudanPed/PNGImages/FudanPed00072.png,-1,"{}",1,0,"{""name"":""rect"",""x"":47,""y"":39,""width"":91,""height"":292}","{""type"":""Pedestrian""}"
../PennFudanPed/PNGImages/FudanPed00073.png,-1,"{}",2,0,"{""name"":""rect"",""x"":21,""y"":65,""width"":144,""height"":294}","{""type"":""Pedestrian"",""carry-on"":{""hand-bag"":true,""shoulder-bag"":true}}"
../PennFudanPed/PNGImages/FudanPed00073.png,-1,"{}",2,1,"{""name"":""rect"",""x"":192,""y"":58,""width"":139,""height"":293}","{""type"":""Pedestrian"",""carry-on"":{""hand-bag"":true}}"
../PennFudanPed/PNGImages/FudanPed00074.png,-1,"{}",2,0,"{""name"":""rect"",""x"":47,""y"":50,""width"":78,""height"":300}","{""type"":""Pedestrian""}"
../PennFudanPed/PNGImages/FudanPed00074.png,-1,"{}",2,1,"{""name"":""rect"",""x"":177,""y"":60,""width"":103,""height"":284}","{""type"":""Pedestrian"",""carry-on"":{""shoulder-bag"":true}}"
../PennFudanPed/PNGImages/PennPed00001.png,-1,"{}",7,0,"{""name"":""rect"",""x"":82,""y"":65,""width"":114,""height"":287}","{""type"":""Pedestrian"",""carry-on"":{""shoulder-bag"":true}}"
../PennFudanPed/PNGImages/PennPed00001.png,-1,"{}",7,1,"{""name"":""rect"",""x"":264,""y"":74,""width"":90,""height"":263}","{""type"":""Pedestrian"",""carry-on"":{""shoulder-bag"":true}}"
../PennFudanPed/PNGImages/PennPed00001.png,-1,"{}",7,2,"{""name"":""rect"",""x"":402,""y"":37,""width"":98,""height"":310}","{""type"":""Pedestrian"",""carry-on"":{""hand-bag"":true}}"
../PennFudanPed/PNGImages/PennPed00001.png,-1,"{}",7,3,"{""name"":""rect"",""x"":513,""y"":64,""width"":96,""height"":253}","{""type"":""Pedestrian""}"
../PennFudanPed/PNGImages/PennPed00001.png,-1,"{}",7,4,"{""name"":""rect"",""x"":205,""y"":24,""width"":60,""height"":171}","{""type"":""Pedestrian""}"
../PennFudanPed/PNGImages/PennPed00001.png,-1,"{}",7,5,"{""name"":""rect"",""x"":358,""y"":56,""width"":55,""height"":167}","{""type"":""Pedestrian"",""occluded"":{""true"":true},""carry-on"":{""shoulder-bag"":true}}"
../PennFudanPed/PNGImages/PennPed00001.png,-1,"{}",7,6,"{""name"":""rect"",""x"":422,""y"":39,""width"":95,""height"":272}","{""type"":""Pedestrian"",""occluded"":{""true"":true},""carry-on"":{}}"
../PennFudanPed/PNGImages/PennPed00002.png,-1,"{}",10,0,"{""name"":""rect"",""x"":8,""y"":83,""width"":88,""height"":220}","{""type"":""Pedestrian"",""carry-on"":{""shoulder-bag"":true}}"
../PennFudanPed/PNGImages/PennPed00002.png,-1,"{}",10,1,"{""name"":""rect"",""x"":82,""y"":44,""width"":82,""height"":253}","{""type"":""Pedestrian"",""carry-on"":{""hand-bag"":true},""occluded"":{""true"":true}}"
../PennFudanPed/PNGImages/PennPed00002.png,-1,"{}",10,2,"{""name"":""rect"",""x"":267,""y"":83,""width"":102,""height"":214}","{""type"":""Pedestrian"",""carry-on"":{""shoulder-bag"":true}}"
../PennFudanPed/PNGImages/PennPed00002.png,-1,"{}",10,3,"{""name"":""rect"",""x"":362,""y"":32,""width"":153,""height"":302}","{""type"":""Pedestrian"",""carry-on"":{""misc"":true}}"
../PennFudanPed/PNGImages/PennPed00002.png,-1,"{}",10,4,"{""name"":""rect"",""x"":575,""y"":74,""width"":137,""height"":287}","{""type"":""Pedestrian""}"
../PennFudanPed/PNGImages/PennPed00002.png,-1,"{}",10,5,"{""name"":""rect"",""x"":514,""y"":90,""width"":90,""height"":215}","{""type"":""Pedestrian""}"
../PennFudanPed/PNGImages/PennPed00002.png,-1,"{}",10,6,"{""name"":""rect"",""x"":111,""y"":57,""width"":55,""height"":172}","{""type"":""Pedestrian"",""occluded"":{""true"":true},""carry-on"":{}}"
../PennFudanPed/PNGImages/PennPed00002.png,-1,"{}",10,7,"{""name"":""rect"",""x"":409,""y"":66,""width"":135,""height"":256}","{""type"":""Pedestrian"",""occluded"":{""true"":true},""carry-on"":{""backpack"":true}}"
../PennFudanPed/PNGImages/PennPed00002.png,-1,"{}",10,8,"{""name"":""rect"",""x"":511,""y"":51,""width"":91,""height"":250}","{""type"":""Pedestrian"",""occluded"":{""true"":true},""carry-on"":{""backpack"":true}}"
../PennFudanPed/PNGImages/PennPed00002.png,-1,"{}",10,9,"{""name"":""rect"",""x"":608,""y"":36,""width"":112,""height"":298}","{""type"":""Pedestrian"",""occluded"":{""true"":true},""carry-on"":{}}"
../PennFudanPed/PNGImages/PennPed00003.png,-1,"{}",3,0,"{""name"":""rect"",""x"":7,""y"":32,""width"":166,""height"":332}","{""type"":""Pedestrian"",""carry-on"":{""misc"":true}}"
../PennFudanPed/PNGImages/PennPed00003.png,-1,"{}",3,1,"{""name"":""rect"",""x"":451,""y"":63,""width"":79,""height"":289}","{""type"":""Pedestrian"",""carry-on"":{""misc"":true}}"
../PennFudanPed/PNGImages/PennPed00003.png,-1,"{}",3,2,"{""name"":""rect"",""x"":530,""y"":90,""width"":130,""height"":290}","{""type"":""Pedestrian"",""carry-on"":{""misc"":true}}"
../PennFudanPed/PNGImages/PennPed00004.png,-1,"{}",5,0,"{""name"":""rect"",""x"":66,""y"":60,""width"":103,""height"":349}","{""type"":""Pedestrian"",""carry-on"":{""backpack"":true}}"
../PennFudanPed/PNGImages/PennPed00004.png,-1,"{}",5,1,"{""name"":""rect"",""x"":154,""y"":90,""width"":98,""height"":294}","{""type"":""Pedestrian"",""carry-on"":{""backpack"":true,""misc"":true},""occluded"":{""true"":true}}"
../PennFudanPed/PNGImages/PennPed00004.png,-1,"{}",5,2,"{""name"":""rect"",""x"":227,""y"":93,""width"":97,""height"":297}","{""type"":""Pedestrian"",""carry-on"":{""misc"":true}}"
../PennFudanPed/PNGImages/PennPed00004.png,-1,"{}",5,3,"{""name"":""rect"",""x"":416,""y"":100,""width"":99,""height"":290}","{""type"":""Pedestrian"",""carry-on"":{""shoulder-bag"":true,""misc"":true}}"
../PennFudanPed/PNGImages/PennPed00004.png,-1,"{}",5,4,"{""name"":""rect"",""x"":594,""y"":111,""width"":139,""height"":285}","{""type"":""Pedestrian"",""carry-on"":{""hand-bag"":true,""shoulder-bag"":true}}"
../PennFudanPed/PNGImages/PennPed00005.png,-1,"{}",6,0,"{""name"":""rect"",""x"":67,""y"":129,""width"":91,""height"":275}","{""type"":""Pedestrian"",""carry-on"":{""backpack"":true}}"
../PennFudanPed/PNGImages/PennPed00005.png,-1,"{}",6,1,"{""name"":""rect"",""x"":164,""y"":153,""width"":87,""height"":256}","{""type"":""Pedestrian"",""carry-on"":{""shoulder-bag"":true,""hand-bag"":true}}"
../PennFudanPed/PNGImages/PennPed00005.png,-1,"{}",6,2,"{""name"":""rect"",""x"":262,""y"":143,""width"":152,""height"":295}","{""type"":""Pedestrian"",""carry-on"":{""misc"":true}}"
../PennFudanPed/PNGImages/PennPed00005.png,-1,"{}",6,3,"{""name"":""rect"",""x"":539,""y"":168,""width"":126,""height"":271}","{""type"":""Pedestrian"",""carry-on"":{""backpack"":true,""misc"":true}}"
../PennFudanPed/PNGImages/PennPed00005.png,-1,"{}",6,4,"{""name"":""rect"",""x"":601,""y"":155,""width"":99,""height"":240}","{""type"":""Pedestrian"",""occluded"":{""true"":true},""carry-on"":{""hand-bag"":true}}"
../PennFudanPed/PNGImages/PennPed00005.png,-1,"{}",6,5,"{""name"":""rect"",""x"":289,""y"":113,""width"":90,""height"":273}","{""type"":""Pedestrian"",""occluded"":{""true"":true},""carry-on"":{}}"
../PennFudanPed/PNGImages/PennPed00006.png,-1,"{}",7,0,"{""name"":""rect"",""x"":110,""y"":71,""width"":88,""height"":340}","{""type"":""Pedestrian""}"
../PennFudanPed/PNGImages/PennPed00006.png,-1,"{}",7,1,"{""name"":""rect"",""x"":230,""y"":95,""width"":98,""height"":292}","{""type"":""Pedestrian"",""carry-on"":{""shoulder-bag"":true}}"
../PennFudanPed/PNGImages/PennPed00006.png,-1,"{}",7,2,"{""name"":""rect"",""x"":442,""y"":107,""width"":165,""height"":327}","{""type"":""Pedestrian"",""carry-on"":{""shoulder-bag"":true},""occluded"":{}}"
../PennFudanPed/PNGImages/PennPed00006.png,-1,"{}",7,3,"{""name"":""rect"",""x"":2,""y"":101,""width"":66,""height"":295}","{""type"":""Pedestrian"",""carry-on"":{""shoulder-bag"":true}}"
../PennFudanPed/PNGImages/PennPed00006.png,-1,"{}",7,4,"{""name"":""rect"",""x"":37,""y"":68,""width"":86,""height"":320}","{""type"":""Pedestrian"",""occluded"":{""true"":true},""carry-on"":{}}"
../PennFudanPed/PNGImages/PennPed00006.png,-1,"{}",7,5,"{""name"":""rect"",""x"":110,""y"":82,""width"":132,""height"":314}","{""type"":""Pedestrian"",""occluded"":{""true"":true},""carry-on"":{""shoulder-bag"":true}}"
../PennFudanPed/PNGImages/PennPed00006.png,-1,"{}",7,6,"{""name"":""rect"",""x"":483,""y"":147,""width"":115,""height"":181}","{""type"":""Pedestrian"",""occluded"":{""true"":true},""carry-on"":{}}"
../PennFudanPed/PNGImages/PennPed00007.png,-1,"{}",5,0,"{""name"":""rect"",""x"":41,""y"":59,""width"":123,""height"":290}","{""type"":""Pedestrian"",""occluded"":{""true"":true}}"
../PennFudanPed/PNGImages/PennPed00007.png,-1,"{}",5,1,"{""name"":""rect"",""x"":126,""y"":82,""width"":74,""height"":276}","{""type"":""Pedestrian"",""carry-on"":{""misc"":true}}"
../PennFudanPed/PNGImages/PennPed00007.png,-1,"{}",5,2,"{""name"":""rect"",""x"":186,""y"":75,""width"":122,""height"":293}","{""type"":""Pedestrian"",""carry-on"":{""misc"":true}}"
../PennFudanPed/PNGImages/PennPed00007.png,-1,"{}",5,3,"{""name"":""rect"",""x"":298,""y"":75,""width"":82,""height"":324}","{""type"":""Pedestrian""}"
../PennFudanPed/PNGImages/PennPed00007.png,-1,"{}",5,4,"{""name"":""rect"",""x"":425,""y"":67,""width"":101,""height"":275}","{""type"":""Pedestrian"",""carry-on"":{""misc"":true}}"
../PennFudanPed/PNGImages/PennPed00008.png,-1,"{}",5,0,"{""name"":""rect"",""x"":46,""y"":70,""width"":130,""height"":295}","{""type"":""Pedestrian""}"
../PennFudanPed/PNGImages/PennPed00008.png,-1,"{}",5,1,"{""name"":""rect"",""x"":198,""y"":76,""width"":106,""height"":252}","{""type"":""Pedestrian"",""carry-on"":{""misc"":true},""occluded"":{""true"":true}}"
../PennFudanPed/PNGImages/PennPed00008.png,-1,"{}",5,2,"{""name"":""rect"",""x"":255,""y"":73,""width"":138,""height"":271}","{""type"":""Pedestrian"",""carry-on"":{""misc"":true}}"
../PennFudanPed/PNGImages/PennPed00008.png,-1,"{}",5,3,"{""name"":""rect"",""x"":342,""y"":52,""width"":78,""height"":225}","{""type"":""Pedestrian"",""occluded"":{""true"":true}}"
../PennFudanPed/PNGImages/PennPed00008.png,-1,"{}",5,4,"{""name"":""rect"",""x"":362,""y"":55,""width"":56,""height"":171}","{""type"":""Pedestrian"",""occluded"":{""true"":true},""carry-on"":{}}"
../PennFudanPed/PNGImages/PennPed00009.png,-1,"{}",8,0,"{""name"":""rect"",""x"":46,""y"":84,""width"":100,""height"":207}","{""type"":""Pedestrian"",""carry-on"":{""shoulder-bag"":true}}"
../PennFudanPed/PNGImages/PennPed00009.png,-1,"{}",8,1,"{""name"":""rect"",""x"":162,""y"":86,""width"":77,""height"":261}","{""type"":""Pedestrian"",""carry-on"":{""backpack"":true}}"
../PennFudanPed/PNGImages/PennPed00009.png,-1,"{}",8,2,"{""name"":""rect"",""x"":224,""y"":85,""width"":75,""height"":221}","{""type"":""Pedestrian"",""carry-on"":{""backpack"":true}}"
../PennFudanPed/PNGImages/PennPed00009.png,-1,"{}",8,3,"{""name"":""rect"",""x"":315,""y"":80,""width"":75,""height"":288}","{""type"":""Pedestrian"",""carry-on"":{""shoulder-bag"":true}}"
../PennFudanPed/PNGImages/PennPed00009.png,-1,"{}",8,4,"{""name"":""rect"",""x"":374,""y"":99,""width"":96,""height"":251}","{""type"":""Pedestrian"",""carry-on"":{""backpack"":true},""occluded"":{""true"":true}}"
../PennFudanPed/PNGImages/PennPed00009.png,-1,"{}",8,5,"{""name"":""rect"",""x"":469,""y"":93,""width"":89,""height"":301}","{""type"":""Pedestrian""}"
../PennFudanPed/PNGImages/PennPed00009.png,-1,"{}",8,6,"{""name"":""rect"",""x"":532,""y"":89,""width"":72,""height"":286}","{""type"":""Pedestrian"",""occluded"":{""true"":true}}"
../PennFudanPed/PNGImages/PennPed00009.png,-1,"{}",8,7,"{""name"":""rect"",""x"":447,""y"":79,""width"":54,""height"":187}","{""type"":""Pedestrian"",""occluded"":{""true"":true},""carry-on"":{""backpack"":true}}"
../PennFudanPed/PNGImages/PennPed00010.png,-1,"{}",7,0,"{""name"":""rect"",""x"":17,""y"":58,""width"":85,""height"":281}","{""type"":""Pedestrian"",""carry-on"":{""hand-bag"":true}}"
../PennFudanPed/PNGImages/PennPed00010.png,-1,"{}",7,1,"{""name"":""rect"",""x"":185,""y"":55,""width"":76,""height"":281}","{""type"":""Pedestrian""}"
../PennFudanPed/PNGImages/PennPed00010.png,-1,"{}",7,2,"{""name"":""rect"",""x"":308,""y"":140,""width"":127,""height"":352}","{""type"":""Pedestrian""}"
../PennFudanPed/PNGImages/PennPed00010.png,-1,"{}",7,3,"{""name"":""rect"",""x"":474,""y"":75,""width"":143,""height"":375}","{""type"":""Pedestrian""}"
../PennFudanPed/PNGImages/PennPed00010.png,-1,"{}",7,4,"{""name"":""rect"",""x"":391,""y"":57,""width"":93,""height"":363}","{""type"":""Pedestrian"",""occluded"":{""true"":true}}"
../PennFudanPed/PNGImages/PennPed00010.png,-1,"{}",7,5,"{""name"":""rect"",""x"":562,""y"":35,""width"":118,""height"":358}","{""type"":""Pedestrian"",""carry-on"":{""shoulder-bag"":true},""occluded"":{""true"":true}}"
../PennFudanPed/PNGImages/PennPed00010.png,-1,"{}",7,6,"{""name"":""rect"",""x"":264,""y"":121,""width"":81,""height"":216}","{""type"":""Pedestrian"",""occluded"":{""true"":true},""carry-on"":{}}"
../PennFudanPed/PNGImages/PennPed00011.png,-1,"{}",2,0,"{""name"":""rect"",""x"":91,""y"":61,""width"":144,""height"":282}","{""type"":""Pedestrian""}"
../PennFudanPed/PNGImages/PennPed00011.png,-1,"{}",2,1,"{""name"":""rect"",""x"":241,""y"":51,""width"":59,""height"":303}","{""type"":""Pedestrian"",""occluded"":{""true"":true},""carry-on"":{""backpack"":true}}"
../PennFudanPed/PNGImages/PennPed00012.png,-1,"{}",2,0,"{""name"":""rect"",""x"":113,""y"":121,""width"":98,""height"":281}","{""type"":""Pedestrian"",""carry-on"":{""backpack"":true,""misc"":true}}"
../PennFudanPed/PNGImages/PennPed00012.png,-1,"{}",2,1,"{""name"":""rect"",""x"":350,""y"":137,""width"":138,""height"":276}","{""type"":""Pedestrian"",""occluded"":{""true"":true},""carry-on"":{}}"
../PennFudanPed/PNGImages/PennPed00013.png,-1,"{}",4,0,"{""name"":""rect"",""x"":97,""y"":78,""width"":112,""height"":280}","{""type"":""Pedestrian"",""carry-on"":{""backpack"":true,""misc"":true}}"
../PennFudanPed/PNGImages/PennPed00013.png,-1,"{}",4,1,"{""name"":""rect"",""x"":258,""y"":95,""width"":105,""height"":263}","{""type"":""Pedestrian"",""carry-on"":{""backpack"":true}}"
../PennFudanPed/PNGImages/PennPed00013.png,-1,"{}",4,2,"{""name"":""rect"",""x"":383,""y"":80,""width"":114,""height"":274}","{""type"":""Pedestrian"",""carry-on"":{""backpack"":true}}"
../PennFudanPed/PNGImages/PennPed00013.png,-1,"{}",4,3,"{""name"":""rect"",""x"":214,""y"":90,""width"":42,""height"":102}","{""type"":""Pedestrian""}"
../PennFudanPed/PNGImages/PennPed00014.png,-1,"{}",4,0,"{""name"":""rect"",""x"":126,""y"":39,""width"":79,""height"":189}","{""type"":""Pedestrian"",""carry-on"":{""backpack"":true}}"
../PennFudanPed/PNGImages/PennPed00014.png,-1,"{}",4,1,"{""name"":""rect"",""x"":209,""y"":71,""width"":103,""height"":268}","{""type"":""Pedestrian"",""carry-on"":{""shoulder-bag"":true}}"
../PennFudanPed/PNGImages/PennPed00014.png,-1,"{}",4,2,"{""name"":""rect"",""x"":353,""y"":59,""width"":94,""height"":277}","{""type"":""Pedestrian""}"
../PennFudanPed/PNGImages/PennPed00014.png,-1,"{}",4,3,"{""name"":""rect"",""x"":285,""y"":40,""width"":67,""height"":184}","{""type"":""Pedestrian"",""carry-on"":{""backpack"":true},""occluded"":{""true"":true}}"
../PennFudanPed/PNGImages/PennPed00015.png,-1,"{}",4,0,"{""name"":""rect"",""x"":122,""y"":97,""width"":157,""height"":316}","{""type"":""Pedestrian"",""carry-on"":{""misc"":true}}"
../PennFudanPed/PNGImages/PennPed00015.png,-1,"{}",4,1,"{""name"":""rect"",""x"":285,""y"":90,""width"":162,""height"":287}","{""type"":""Pedestrian""}"
../PennFudanPed/PNGImages/PennPed00015.png,-1,"{}",4,2,"{""name"":""rect"",""x"":748,""y"":93,""width"":85,""height"":288}","{""type"":""Pedestrian"",""carry-on"":{""backpack"":true}}"
../PennFudanPed/PNGImages/PennPed00015.png,-1,"{}",4,3,"{""name"":""rect"",""x"":685,""y"":85,""width"":157,""height"":278}","{""type"":""Pedestrian"",""occluded"":{""true"":true},""carry-on"":{}}"
../PennFudanPed/PNGImages/PennPed00016.png,-1,"{}",5,0,"{""name"":""rect"",""x"":85,""y"":50,""width"":60,""height"":311}","{""type"":""Pedestrian""}"
../PennFudanPed/PNGImages/PennPed00016.png,-1,"{}",5,1,"{""name"":""rect"",""x"":235,""y"":92,""width"":93,""height"":289}","{""type"":""Pedestrian"",""carry-on"":{""shoulder-bag"":true}}"
../PennFudanPed/PNGImages/PennPed00016.png,-1,"{}",5,2,"{""name"":""rect"",""x"":467,""y"":65,""width"":111,""height"":301}","{""type"":""Pedestrian"",""carry-on"":{""shoulder-bag"":true}}"
../PennFudanPed/PNGImages/PennPed00016.png,-1,"{}",5,3,"{""name"":""rect"",""x"":535,""y"":86,""width"":60,""height"":149}","{""type"":""Pedestrian"",""occluded"":{""true"":true},""carry-on"":{}}"
../PennFudanPed/PNGImages/PennPed00016.png,-1,"{}",5,4,"{""name"":""rect"",""x"":205,""y"":71,""width"":92,""height"":281}","{""type"":""Pedestrian"",""occluded"":{""true"":true},""carry-on"":{}}"
../PennFudanPed/PNGImages/PennPed00017.png,-1,"{}",2,0,"{""name"":""rect"",""x"":114,""y"":49,""width"":89,""height"":337}","{""type"":""Pedestrian"",""carry-on"":{""shoulder-bag"":true}}"
../PennFudanPed/PNGImages/PennPed00017.png,-1,"{}",2,1,"{""name"":""rect"",""x"":258,""y"":48,""width"":139,""height"":287}","{""type"":""Pedestrian""}"
../PennFudanPed/PNGImages/PennPed00018.png,-1,"{}",3,0,"{""name"":""rect"",""x"":64,""y"":31,""width"":80,""height"":295}","{""type"":""Pedestrian""}"
../PennFudanPed/PNGImages/PennPed00018.png,-1,"{}",3,1,"{""name"":""rect"",""x"":180,""y"":68,""width"":81,""height"":239}","{""type"":""Pedestrian""}"
../PennFudanPed/PNGImages/PennPed00018.png,-1,"{}",3,2,"{""name"":""rect"",""x"":173,""y"":75,""width"":87,""height"":212}","{""type"":""Pedestrian"",""occluded"":{""true"":true},""carry-on"":{}}"
../PennFudanPed/PNGImages/PennPed00019.png,-1,"{}",7,0,"{""name"":""rect"",""x"":16,""y"":77,""width"":89,""height"":278}","{""type"":""Pedestrian"",""carry-on"":{""backpack"":true}}"
../PennFudanPed/PNGImages/PennPed00019.png,-1,"{}",7,1,"{""name"":""rect"",""x"":159,""y"":69,""width"":89,""height"":291}","{""type"":""Pedestrian"",""carry-on"":{""backpack"":true}}"
../PennFudanPed/PNGImages/PennPed00019.png,-1,"{}",7,2,"{""name"":""rect"",""x"":314,""y"":59,""width"":74,""height"":304}","{""type"":""Pedestrian"",""carry-on"":{""backpack"":true},""occluded"":{""true"":true}}"
../PennFudanPed/PNGImages/PennPed00019.png,-1,"{}",7,3,"{""name"":""rect"",""x"":367,""y"":46,""width"":105,""height"":323}","{""type"":""Pedestrian"",""carry-on"":{""backpack"":true}}"
../PennFudanPed/PNGImages/PennPed00019.png,-1,"{}",7,4,"{""name"":""rect"",""x"":463,""y"":74,""width"":75,""height"":287}","{""type"":""Pedestrian"",""carry-on"":{""backpack"":true},""occluded"":{""true"":true}}"
../PennFudanPed/PNGImages/PennPed00019.png,-1,"{}",7,5,"{""name"":""rect"",""x"":524,""y"":79,""width"":111,""height"":295}","{""type"":""Pedestrian"",""carry-on"":{""shoulder-bag"":true}}"
../PennFudanPed/PNGImages/PennPed00019.png,-1,"{}",7,6,"{""name"":""rect"",""x"":599,""y"":77,""width"":104,""height"":297}","{""type"":""Pedestrian"",""occluded"":{""true"":true}}"
../PennFudanPed/PNGImages/PennPed00020.png,-1,"{}",3,0,"{""name"":""rect"",""x"":141,""y"":120,""width"":122,""height"":258}","{""type"":""Pedestrian"",""carry-on"":{""misc"":true}}"
../PennFudanPed/PNGImages/PennPed00020.png,-1,"{}",3,1,"{""name"":""rect"",""x"":386,""y"":75,""width"":129,""height"":289}","{""type"":""Pedestrian"",""occluded"":{""true"":true}}"
../PennFudanPed/PNGImages/PennPed00020.png,-1,"{}",3,2,"{""name"":""rect"",""x"":445,""y"":76,""width"":162,""height"":292}","{""type"":""Pedestrian"",""occluded"":{""true"":true},""carry-on"":{""shoulder-bag"":true}}"
../PennFudanPed/PNGImages/PennPed00021.png,-1,"{}",3,0,"{""name"":""rect"",""x"":67,""y"":117,""width"":150,""height"":289}","{""type"":""Pedestrian""}"
../PennFudanPed/PNGImages/PennPed00021.png,-1,"{}",3,1,"{""name"":""rect"",""x"":463,""y"":80,""width"":122,""height"":301}","{""type"":""Pedestrian""}"
../PennFudanPed/PNGImages/PennPed00021.png,-1,"{}",3,2,"{""name"":""rect"",""x"":558,""y"":110,""width"":122,""height"":270}","{""type"":""Pedestrian"",""carry-on"":{""hand-bag"":true},""occluded"":{""true"":true}}"
../PennFudanPed/PNGImages/PennPed00022.png,-1,"{}",6,0,"{""name"":""rect"",""x"":29,""y"":117,""width"":137,""height"":295}","{""type"":""Pedestrian""}"
../PennFudanPed/PNGImages/PennPed00022.png,-1,"{}",6,1,"{""name"":""rect"",""x"":119,""y"":148,""width"":137,""height"":264}","{""type"":""Pedestrian"",""carry-on"":{""shoulder-bag"":true}}"
../PennFudanPed/PNGImages/PennPed00022.png,-1,"{}",6,2,"{""name"":""rect"",""x"":215,""y"":151,""width"":138,""height"":264}","{""type"":""Pedestrian""}"
../PennFudanPed/PNGImages/PennPed00022.png,-1,"{}",6,3,"{""name"":""rect"",""x"":704,""y"":128,""width"":134,""height"":261}","{""type"":""Pedestrian"",""carry-on"":{""backpack"":true}}"
../PennFudanPed/PNGImages/PennPed00022.png,-1,"{}",6,4,"{""name"":""rect"",""x"":344,""y"":161,""width"":79,""height"":180}","{""type"":""Pedestrian"",""carry-on"":{""backpack"":true}}"
../PennFudanPed/PNGImages/PennPed00022.png,-1,"{}",6,5,"{""name"":""rect"",""x"":662,""y"":125,""width"":117,""height"":261}","{""type"":""Pedestrian"",""occluded"":{""true"":true},""carry-on"":{}}"
../PennFudanPed/PNGImages/PennPed00023.png,-1,"{}",1,0,"{""name"":""rect"",""x"":106,""y"":59,""width"":168,""height"":303}","{""type"":""Pedestrian""}"
../PennFudanPed/PNGImages/PennPed00024.png,-1,"{}",1,0,"{""name"":""rect"",""x"":70,""y"":57,""width"":99,""height"":292}","{""type"":""Pedestrian"",""carry-on"":{""backpack"":true,""misc"":true}}"
../PennFudanPed/PNGImages/PennPed00025.png,-1,"{}",3,0,"{""name"":""rect"",""x"":71,""y"":33,""width"":144,""height"":276}","{""type"":""Pedestrian"",""carry-on"":{""shoulder-bag"":true}}"
../PennFudanPed/PNGImages/PennPed00025.png,-1,"{}",3,1,"{""name"":""rect"",""x"":188,""y"":150,""width"":87,""height"":153}","{""type"":""Pedestrian"",""occluded"":{""true"":true}}"
../PennFudanPed/PNGImages/PennPed00025.png,-1,"{}",3,2,"{""name"":""rect"",""x"":389,""y"":1,""width"":31,""height"":69}","{""type"":""Pedestrian""}"
../PennFudanPed/PNGImages/PennPed00026.png,-1,"{}",2,0,"{""name"":""rect"",""x"":302,""y"":93,""width"":144,""height"":288}","{""type"":""Pedestrian"",""carry-on"":{""shoulder-bag"":true}}"
../PennFudanPed/PNGImages/PennPed00026.png,-1,"{}",2,1,"{""name"":""rect"",""x"":199,""y"":119,""width"":91,""height"":253}","{""type"":""Pedestrian""}"
../PennFudanPed/PNGImages/PennPed00027.png,-1,"{}",3,0,"{""name"":""rect"",""x"":125,""y"":92,""width"":86,""height"":270}","{""type"":""Pedestrian"",""carry-on"":{""shoulder-bag"":true}}"
../PennFudanPed/PNGImages/PennPed00027.png,-1,"{}",3,1,"{""name"":""rect"",""x"":203,""y"":80,""width"":118,""height"":286}","{""type"":""Pedestrian""}"
../PennFudanPed/PNGImages/PennPed00027.png,-1,"{}",3,2,"{""name"":""rect"",""x"":346,""y"":88,""width"":116,""height"":253}","{""type"":""Pedestrian"",""carry-on"":{""stroller"":true}}"
../PennFudanPed/PNGImages/PennPed00028.png,-1,"{}",2,0,"{""name"":""rect"",""x"":210,""y"":49,""width"":114,""height"":284}","{""type"":""Pedestrian""}"
../PennFudanPed/PNGImages/PennPed00028.png,-1,"{}",2,1,"{""name"":""rect"",""x"":198,""y"":58,""width"":77,""height"":272}","{""type"":""Pedestrian"",""occluded"":{""true"":true},""carry-on"":{""hand-bag"":true,""shoulder-bag"":true}}"
../PennFudanPed/PNGImages/PennPed00029.png,-1,"{}",4,0,"{""name"":""rect"",""x"":113,""y"":64,""width"":100,""height"":305}","{""type"":""Pedestrian"",""carry-on"":{""misc"":true}}"
../PennFudanPed/PNGImages/PennPed00029.png,-1,"{}",4,1,"{""name"":""rect"",""x"":273,""y"":97,""width"":65,""height"":293}","{""type"":""Pedestrian"",""carry-on"":{""shoulder-bag"":true}}"
../PennFudanPed/PNGImages/PennPed00029.png,-1,"{}",4,2,"{""name"":""rect"",""x"":362,""y"":101,""width"":103,""height"":286}","{""type"":""Pedestrian""}"
../PennFudanPed/PNGImages/PennPed00029.png,-1,"{}",4,3,"{""name"":""rect"",""x"":508,""y"":102,""width"":76,""height"":289}","{""type"":""Pedestrian"",""carry-on"":{""hand-bag"":true,""shoulder-bag"":true}}"
../PennFudanPed/PNGImages/PennPed00030.png,-1,"{}",3,0,"{""name"":""rect"",""x"":138,""y"":36,""width"":114,""height"":302}","{""type"":""Pedestrian""}"
../PennFudanPed/PNGImages/PennPed00030.png,-1,"{}",3,1,"{""name"":""rect"",""x"":2,""y"":36,""width"":92,""height"":305}","{""type"":""Pedestrian"",""carry-on"":{""shoulder-bag"":true}}"
../PennFudanPed/PNGImages/PennPed00030.png,-1,"{}",3,2,"{""name"":""rect"",""x"":315,""y"":42,""width"":132,""height"":296}","{""type"":""Pedestrian"",""carry-on"":{""shoulder-bag"":true,""umbrella"":true}}"
../PennFudanPed/PNGImages/PennPed00031.png,-1,"{}",1,0,"{""name"":""rect"",""x"":243,""y"":41,""width"":146,""height"":287}","{""type"":""Pedestrian"",""carry-on"":{""backpack"":true}}"
../PennFudanPed/PNGImages/PennPed00032.png,-1,"{}",1,0,"{""name"":""rect"",""x"":97,""y"":49,""width"":105,""height"":279}","{""type"":""Pedestrian""}"
../PennFudanPed/PNGImages/PennPed00033.png,-1,"{}",4,0,"{""name"":""rect"",""x"":31,""y"":36,""width"":94,""height"":333}","{""type"":""Pedestrian"",""occluded"":{""true"":true}}"
../PennFudanPed/PNGImages/PennPed00033.png,-1,"{}",4,1,"{""name"":""rect"",""x"":109,""y"":49,""width"":104,""height"":326}","{""type"":""Pedestrian""}"
../PennFudanPed/PNGImages/PennPed00033.png,-1,"{}",4,2,"{""name"":""rect"",""x"":391,""y"":69,""width"":127,""height"":298}","{""type"":""Pedestrian"",""carry-on"":{""shoulder-bag"":true}}"
../PennFudanPed/PNGImages/PennPed00033.png,-1,"{}",4,3,"{""name"":""rect"",""x"":273,""y"":148,""width"":115,""height"":184}","{""type"":""Pedestrian""}"
../PennFudanPed/PNGImages/PennPed00034.png,-1,"{}",4,0,"{""name"":""rect"",""x"":107,""y"":57,""width"":181,""height"":333}","{""type"":""Pedestrian"",""carry-on"":{""backpack"":true}}"
../PennFudanPed/PNGImages/PennPed00034.png,-1,"{}",4,1,"{""name"":""rect"",""x"":301,""y"":62,""width"":103,""height"":281}","{""type"":""Pedestrian"",""occluded"":{""true"":true}}"
../PennFudanPed/PNGImages/PennPed00034.png,-1,"{}",4,2,"{""name"":""rect"",""x"":368,""y"":66,""width"":124,""height"":286}","{""type"":""Pedestrian""}"
../PennFudanPed/PNGImages/PennPed00034.png,-1,"{}",4,3,"{""name"":""rect"",""x"":180,""y"":62,""width"":97,""height"":311}","{""type"":""Pedestrian"",""occluded"":{""true"":true}}"
../PennFudanPed/PNGImages/PennPed00035.png,-1,"{}",3,0,"{""name"":""rect"",""x"":168,""y"":29,""width"":106,""height"":301}","{""type"":""Pedestrian""}"
../PennFudanPed/PNGImages/PennPed00035.png,-1,"{}",3,1,"{""name"":""rect"",""x"":366,""y"":53,""width"":174,""height"":279}","{""type"":""Pedestrian"",""carry-on"":{""backpack"":true}}"
../PennFudanPed/PNGImages/PennPed00035.png,-1,"{}",3,2,"{""name"":""rect"",""x"":120,""y"":32,""width"":87,""height"":289}","{""type"":""Pedestrian"",""occluded"":{""true"":true}}"
../PennFudanPed/PNGImages/PennPed00036.png,-1,"{}",2,0,"{""name"":""rect"",""x"":55,""y"":61,""width"":108,""height"":268}","{""type"":""Pedestrian"",""carry-on"":{""shoulder-bag"":true}}"
../PennFudanPed/PNGImages/PennPed00036.png,-1,"{}",2,1,"{""name"":""rect"",""x"":513,""y"":33,""width"":122,""height"":294}","{""type"":""Pedestrian""}"
../PennFudanPed/PNGImages/PennPed00037.png,-1,"{}",1,0,"{""name"":""rect"",""x"":228,""y"":23,""width"":99,""height"":283}","{""type"":""Pedestrian"",""carry-on"":{""shoulder-bag"":true,""misc"":true}}"
../PennFudanPed/PNGImages/PennPed00038.png,-1,"{}",1,0,"{""name"":""rect"",""x"":231,""y"":38,""width"":136,""height"":277}","{""type"":""Pedestrian"",""carry-on"":{""misc"":true}}"
../PennFudanPed/PNGImages/PennPed00039.png,-1,"{}",1,0,"{""name"":""rect"",""x"":325,""y"":72,""width"":85,""height"":287}","{""type"":""Pedestrian""}"
../PennFudanPed/PNGImages/PennPed00040.png,-1,"{}",1,0,"{""name"":""rect"",""x"":202,""y"":41,""width"":115,""height"":288}","{""type"":""Pedestrian""}"
../PennFudanPed/PNGImages/PennPed00041.png,-1,"{}",1,0,"{""name"":""rect"",""x"":352,""y"":98,""width"":114,""height"":281}","{""type"":""Pedestrian"",""occluded"":{""true"":true}}"
../PennFudanPed/PNGImages/PennPed00042.png,-1,"{}",2,0,"{""name"":""rect"",""x"":272,""y"":36,""width"":106,""height"":275}","{""type"":""Pedestrian"",""carry-on"":{""misc"":true}}"
../PennFudanPed/PNGImages/PennPed00042.png,-1,"{}",2,1,"{""name"":""rect"",""x"":402,""y"":35,""width"":69,""height"":274}","{""type"":""Pedestrian"",""carry-on"":{""hand-bag"":true}}"
../PennFudanPed/PNGImages/PennPed00043.png,-1,"{}",5,0,"{""name"":""rect"",""x"":188,""y"":46,""width"":108,""height"":287}","{""type"":""Pedestrian""}"
../PennFudanPed/PNGImages/PennPed00043.png,-1,"{}",5,1,"{""name"":""rect"",""x"":331,""y"":62,""width"":102,""height"":265}","{""type"":""Pedestrian"",""carry-on"":{""backpack"":true}}"
../PennFudanPed/PNGImages/PennPed00043.png,-1,"{}",5,2,"{""name"":""rect"",""x"":141,""y"":77,""width"":57,""height"":176}","{""type"":""Pedestrian"",""carry-on"":{""shoulder-bag"":true},""occluded"":{""true"":true}}"
../PennFudanPed/PNGImages/PennPed00043.png,-1,"{}",5,3,"{""name"":""rect"",""x"":281,""y"":77,""width"":46,""height"":175}","{""type"":""Pedestrian"",""occluded"":{""true"":true}}"
../PennFudanPed/PNGImages/PennPed00043.png,-1,"{}",5,4,"{""name"":""rect"",""x"":429,""y"":72,""width"":26,""height"":81}","{""type"":""Pedestrian"",""occluded"":{""true"":true}}"
../PennFudanPed/PNGImages/PennPed00044.png,-1,"{}",5,0,"{""name"":""rect"",""x"":70,""y"":35,""width"":99,""height"":293}","{""type"":""Pedestrian"",""carry-on"":{""hand-bag"":true}}"
../PennFudanPed/PNGImages/PennPed00044.png,-1,"{}",5,1,"{""name"":""rect"",""x"":252,""y"":62,""width"":83,""height"":219}","{""type"":""Pedestrian"",""carry-on"":{""shoulder-bag"":true}}"
../PennFudanPed/PNGImages/PennPed00044.png,-1,"{}",5,2,"{""name"":""rect"",""x"":331,""y"":53,""width"":76,""height"":222}","{""type"":""Pedestrian""}"
../PennFudanPed/PNGImages/PennPed00044.png,-1,"{}",5,3,"{""name"":""rect"",""x"":180,""y"":75,""width"":44,""height"":117}","{""type"":""Pedestrian"",""occluded"":{""true"":true}}"
../PennFudanPed/PNGImages/PennPed00044.png,-1,"{}",5,4,"{""name"":""rect"",""x"":120,""y"":63,""width"":70,""height"":224}","{""type"":""Pedestrian"",""occluded"":{""true"":true},""carry-on"":{}}"
../PennFudanPed/PNGImages/PennPed00045.png,-1,"{}",6,0,"{""name"":""rect"",""x"":69,""y"":63,""width"":123,""height"":301}","{""type"":""Pedestrian""}"
../PennFudanPed/PNGImages/PennPed00045.png,-1,"{}",6,1,"{""name"":""rect"",""x"":225,""y"":64,""width"":95,""height"":295}","{""type"":""Pedestrian"",""carry-on"":{""hand-bag"":true}}"
../PennFudanPed/PNGImages/PennPed00045.png,-1,"{}",6,2,"{""name"":""rect"",""x"":323,""y"":66,""width"":112,""height"":280}","{""type"":""Pedestrian""}"
../PennFudanPed/PNGImages/PennPed00045.png,-1,"{}",6,3,"{""name"":""rect"",""x"":525,""y"":44,""width"":113,""height"":303}","{""type"":""Pedestrian"",""carry-on"":{""shoulder-bag"":true}}"
../PennFudanPed/PNGImages/PennPed00045.png,-1,"{}",6,4,"{""name"":""rect"",""x"":424,""y"":66,""width"":60,""height"":150}","{""type"":""Pedestrian"",""carry-on"":{""shoulder-bag"":true}}"
../PennFudanPed/PNGImages/PennPed00045.png,-1,"{}",6,5,"{""name"":""rect"",""x"":493,""y"":61,""width"":54,""height"":152}","{""type"":""Pedestrian"",""occluded"":{""true"":true}}"
../PennFudanPed/PNGImages/PennPed00046.png,-1,"{}",3,0,"{""name"":""rect"",""x"":20,""y"":57,""width"":90,""height"":265}","{""type"":""Pedestrian""}"
../PennFudanPed/PNGImages/PennPed00046.png,-1,"{}",3,1,"{""name"":""rect"",""x"":317,""y"":21,""width"":102,""height"":297}","{""type"":""Pedestrian""}"
../PennFudanPed/PNGImages/PennPed00046.png,-1,"{}",3,2,"{""name"":""rect"",""x"":420,""y"":61,""width"":20,""height"":57}","{""type"":""Pedestrian""}"
../PennFudanPed/PNGImages/PennPed00047.png,-1,"{}",4,0,"{""name"":""rect"",""x"":115,""y"":56,""width"":137,""height"":279}","{""type"":""Pedestrian"",""carry-on"":{""shoulder-bag"":true,""hand-bag"":true}}"
../PennFudanPed/PNGImages/PennPed00047.png,-1,"{}",4,1,"{""name"":""rect"",""x"":245,""y"":32,""width"":135,""height"":287}","{""type"":""Pedestrian"",""carry-on"":{""shoulder-bag"":true,""hand-bag"":true}}"
../PennFudanPed/PNGImages/PennPed00047.png,-1,"{}",4,2,"{""name"":""rect"",""x"":361,""y"":41,""width"":65,""height"":152}","{""type"":""Pedestrian"",""occluded"":{""true"":true}}"
../PennFudanPed/PNGImages/PennPed00047.png,-1,"{}",4,3,"{""name"":""rect"",""x"":204,""y"":41,""width"":47,""height"":155}","{""type"":""Pedestrian"",""occluded"":{""true"":true},""carry-on"":{}}"
../PennFudanPed/PNGImages/PennPed00048.png,-1,"{}",3,0,"{""name"":""rect"",""x"":26,""y"":32,""width"":91,""height"":293}","{""type"":""Pedestrian"",""carry-on"":{""misc"":true,""backpack"":true}}"
../PennFudanPed/PNGImages/PennPed00048.png,-1,"{}",3,1,"{""name"":""rect"",""x"":115,""y"":34,""width"":82,""height"":286}","{""type"":""Pedestrian"",""carry-on"":{""misc"":true}}"
../PennFudanPed/PNGImages/PennPed00048.png,-1,"{}",3,2,"{""name"":""rect"",""x"":262,""y"":20,""width"":122,""height"":348}","{""type"":""Pedestrian""}"
../PennFudanPed/PNGImages/PennPed00049.png,-1,"{}",4,0,"{""name"":""rect"",""x"":81,""y"":47,""width"":93,""height"":298}","{""type"":""Pedestrian"",""carry-on"":{""backpack"":true,""misc"":true}}"
../PennFudanPed/PNGImages/PennPed00049.png,-1,"{}",4,1,"{""name"":""rect"",""x"":174,""y"":44,""width"":78,""height"":292}","{""type"":""Pedestrian"",""carry-on"":{""misc"":true}}"
../PennFudanPed/PNGImages/PennPed00049.png,-1,"{}",4,2,"{""name"":""rect"",""x"":251,""y"":80,""width"":55,""height"":156}","{""type"":""Pedestrian"",""carry-on"":{""shoulder-bag"":true},""occluded"":{""true"":true}}"
../PennFudanPed/PNGImages/PennPed00049.png,-1,"{}",4,3,"{""name"":""rect"",""x"":309,""y"":76,""width"":58,""height"":163}","{""type"":""Pedestrian""}"
../PennFudanPed/PNGImages/PennPed00050.png,-1,"{}",2,0,"{""name"":""rect"",""x"":90,""y"":40,""width"":105,""height"":250}","{""type"":""Pedestrian"",""carry-on"":{""shoulder-bag"":true,""backpack"":true}}"
../PennFudanPed/PNGImages/PennPed00050.png,-1,"{}",2,1,"{""name"":""rect"",""x"":61,""y"":23,""width"":61,""height"":199}","{""type"":""Pedestrian"",""occluded"":{""true"":true},""carry-on"":{""backpack"":true}}"
../PennFudanPed/PNGImages/PennPed00051.png,-1,"{}",5,0,"{""name"":""rect"",""x"":37,""y"":51,""width"":165,""height"":274}","{""type"":""Pedestrian"",""carry-on"":{""hand-bag"":true}}"
../PennFudanPed/PNGImages/PennPed00051.png,-1,"{}",5,1,"{""name"":""rect"",""x"":313,""y"":66,""width"":167,""height"":298}","{""type"":""Pedestrian"",""carry-on"":{""backpack"":true}}"
../PennFudanPed/PNGImages/PennPed00051.png,-1,"{}",5,2,"{""name"":""rect"",""x"":458,""y"":33,""width"":128,""height"":339}","{""type"":""Pedestrian""}"
../PennFudanPed/PNGImages/PennPed00051.png,-1,"{}",5,3,"{""name"":""rect"",""x"":553,""y"":66,""width"":74,""height"":272}","{""type"":""Pedestrian""}"
../PennFudanPed/PNGImages/PennPed00051.png,-1,"{}",5,4,"{""name"":""rect"",""x"":361,""y"":20,""width"":85,""height"":341}","{""type"":""Pedestrian"",""occluded"":{""true"":true},""carry-on"":{}}"
../PennFudanPed/PNGImages/PennPed00052.png,-1,"{}",6,0,"{""name"":""rect"",""x"":76,""y"":136,""width"":98,""height"":291}","{""type"":""Pedestrian""}"
../PennFudanPed/PNGImages/PennPed00052.png,-1,"{}",6,1,"{""name"":""rect"",""x"":168,""y"":180,""width"":125,""height"":310}","{""type"":""Pedestrian"",""carry-on"":{""backpack"":true}}"
../PennFudanPed/PNGImages/PennPed00052.png,-1,"{}",6,2,"{""name"":""rect"",""x"":402,""y"":156,""width"":91,""height"":243}","{""type"":""Pedestrian"",""carry-on"":{""shoulder-bag"":true}}"
../PennFudanPed/PNGImages/PennPed00052.png,-1,"{}",6,3,"{""name"":""rect"",""x"":523,""y"":137,""width"":89,""height"":255}","{""type"":""Pedestrian"",""occluded"":{""true"":true}}"
../PennFudanPed/PNGImages/PennPed00052.png,-1,"{}",6,4,"{""name"":""rect"",""x"":278,""y"":178,""width"":55,""height"":135}","{""type"":""Pedestrian"",""carry-on"":{""shoulder-bag"":true}}"
../PennFudanPed/PNGImages/PennPed00052.png,-1,"{}",6,5,"{""name"":""rect"",""x"":531,""y"":77,""width"":69,""height"":93}","{""type"":""Pedestrian"",""occluded"":{},""carry-on"":{}}"
../PennFudanPed/PNGImages/PennPed00053.png,-1,"{}",2,0,"{""name"":""rect"",""x"":14,""y"":28,""width"":109,""height"":296}","{""type"":""Pedestrian"",""carry-on"":{""shoulder-bag"":true}}"
../PennFudanPed/PNGImages/PennPed00053.png,-1,"{}",2,1,"{""name"":""rect"",""x"":168,""y"":26,""width"":97,""height"":302}","{""type"":""Pedestrian"",""carry-on"":{""shoulder-bag"":true}}"
../PennFudanPed/PNGImages/PennPed00054.png,-1,"{}",1,0,"{""name"":""rect"",""x"":42,""y"":21,""width"":85,""height"":295}","{""type"":""Pedestrian"",""carry-on"":{""shoulder-bag"":true,""misc"":true}}"
../PennFudanPed/PNGImages/PennPed00055.png,-1,"{}",2,0,"{""name"":""rect"",""x"":95,""y"":50,""width"":112,""height"":290}","{""type"":""Pedestrian"",""carry-on"":{""misc"":true}}"
../PennFudanPed/PNGImages/PennPed00055.png,-1,"{}",2,1,"{""name"":""rect"",""x"":28,""y"":7,""width"":93,""height"":275}","{""type"":""Pedestrian"",""occluded"":{""true"":true}}"
../PennFudanPed/PNGImages/PennPed00056.png,-1,"{}",4,0,"{""name"":""rect"",""x"":174,""y"":105,""width"":96,""height"":292}","{""type"":""Pedestrian""}"
../PennFudanPed/PNGImages/PennPed00056.png,-1,"{}",4,1,"{""name"":""rect"",""x"":139,""y"":121,""width"":53,""height"":262}","{""type"":""Pedestrian"",""occluded"":{""true"":true}}"
../PennFudanPed/PNGImages/PennPed00056.png,-1,"{}",4,2,"{""name"":""rect"",""x"":256,""y"":97,""width"":49,""height"":288}","{""type"":""Pedestrian"",""occluded"":{""true"":true}}"
../PennFudanPed/PNGImages/PennPed00056.png,-1,"{}",4,3,"{""name"":""rect"",""x"":226,""y"":111,""width"":43,""height"":262}","{""type"":""Pedestrian"",""occluded"":{""true"":true},""carry-on"":{}}"
../PennFudanPed/PNGImages/PennPed00057.png,-1,"{}",2,0,"{""name"":""rect"",""x"":157,""y"":63,""width"":103,""height"":288}","{""type"":""Pedestrian""}"
../PennFudanPed/PNGImages/PennPed00057.png,-1,"{}",2,1,"{""name"":""rect"",""x"":197,""y"":17,""width"":68,""height"":276}","{""type"":""Pedestrian"",""carry-on"":{""shoulder-bag"":true},""occluded"":{""true"":true}}"
../PennFudanPed/PNGImages/PennPed00058.png,-1,"{}",4,0,"{""name"":""rect"",""x"":166,""y"":26,""width"":78,""height"":289}","{""type"":""Pedestrian""}"
../PennFudanPed/PNGImages/PennPed00058.png,-1,"{}",4,1,"{""name"":""rect"",""x"":227,""y"":30,""width"":79,""height"":260}","{""type"":""Pedestrian"",""occluded"":{""true"":true},""carry-on"":{""shoulder-bag"":true}}"
../PennFudanPed/PNGImages/PennPed00058.png,-1,"{}",4,2,"{""name"":""rect"",""x"":321,""y"":65,""width"":130,""height"":285}","{""type"":""Pedestrian""}"
../PennFudanPed/PNGImages/PennPed00058.png,-1,"{}",4,3,"{""name"":""rect"",""x"":294,""y"":21,""width"":79,""height"":252}","{""type"":""Pedestrian"",""occluded"":{""true"":true}}"
../PennFudanPed/PNGImages/PennPed00059.png,-1,"{}",2,0,"{""name"":""rect"",""x"":79,""y"":43,""width"":97,""height"":293}","{""type"":""Pedestrian"",""carry-on"":{""backpack"":true,""misc"":true}}"
../PennFudanPed/PNGImages/PennPed00059.png,-1,"{}",2,1,"{""name"":""rect"",""x"":380,""y"":35,""width"":148,""height"":287}","{""type"":""Pedestrian"",""carry-on"":{""shoulder-bag"":true}}"
../PennFudanPed/PNGImages/PennPed00060.png,-1,"{}",5,0,"{""name"":""rect"",""x"":42,""y"":22,""width"":99,""height"":303}","{""type"":""Pedestrian""}"
../PennFudanPed/PNGImages/PennPed00060.png,-1,"{}",5,1,"{""name"":""rect"",""x"":188,""y"":20,""width"":94,""height"":209}","{""type"":""Pedestrian""}"
../PennFudanPed/PNGImages/PennPed00060.png,-1,"{}",5,2,"{""name"":""rect"",""x"":116,""y"":27,""width"":74,""height"":198}","{""type"":""Pedestrian"",""occluded"":{""true"":true}}"
../PennFudanPed/PNGImages/PennPed00060.png,-1,"{}",5,3,"{""name"":""rect"",""x"":272,""y"":80,""width"":116,""height"":246}","{""type"":""Pedestrian""}"
../PennFudanPed/PNGImages/PennPed00060.png,-1,"{}",5,4,"{""name"":""rect"",""x"":377,""y"":30,""width"":98,""height"":299}","{""type"":""Pedestrian""}"
../PennFudanPed/PNGImages/PennPed00061.png,-1,"{}",2,0,"{""name"":""rect"",""x"":33,""y"":16,""width"":109,""height"":290}","{""type"":""Pedestrian"",""carry-on"":{""shoulder-bag"":true}}"
../PennFudanPed/PNGImages/PennPed00061.png,-1,"{}",2,1,"{""name"":""rect"",""x"":249,""y"":54,""width"":25,""height"":92}","{""type"":""Pedestrian""}"
../PennFudanPed/PNGImages/PennPed00062.png,-1,"{}",6,0,"{""name"":""rect"",""x"":85,""y"":14,""width"":98,""height"":286}","{""type"":""Pedestrian"",""carry-on"":{""misc"":true}}"
../PennFudanPed/PNGImages/PennPed00062.png,-1,"{}",6,1,"{""name"":""rect"",""x"":175,""y"":34,""width"":112,""height"":270}","{""type"":""Pedestrian"",""carry-on"":{""shoulder-bag"":true,""hand-bag"":true}}"
../PennFudanPed/PNGImages/PennPed00062.png,-1,"{}",6,2,"{""name"":""rect"",""x"":1,""y"":45,""width"":55,""height"":177}","{""type"":""Pedestrian""}"
../PennFudanPed/PNGImages/PennPed00062.png,-1,"{}",6,3,"{""name"":""rect"",""x"":320,""y"":53,""width"":52,""height"":180}","{""type"":""Pedestrian"",""carry-on"":{""shoulder-bag"":true}}"
../PennFudanPed/PNGImages/PennPed00062.png,-1,"{}",6,4,"{""name"":""rect"",""x"":260,""y"":54,""width"":50,""height"":163}","{""type"":""Pedestrian"",""occluded"":{""true"":true},""carry-on"":{""shoulder-bag"":true}}"
../PennFudanPed/PNGImages/PennPed00062.png,-1,"{}",6,5,"{""name"":""rect"",""x"":69,""y"":36,""width"":61,""height"":188}","{""type"":""Pedestrian"",""occluded"":{""true"":true},""carry-on"":{}}"
../PennFudanPed/PNGImages/PennPed00063.png,-1,"{}",2,0,"{""name"":""rect"",""x"":87,""y"":49,""width"":174,""height"":289}","{""type"":""Pedestrian"",""carry-on"":{""backpack"":true}}"
../PennFudanPed/PNGImages/PennPed00063.png,-1,"{}",2,1,"{""name"":""rect"",""x"":163,""y"":18,""width"":80,""height"":305}","{""type"":""Pedestrian"",""occluded"":{""true"":true},""carry-on"":{}}"
../PennFudanPed/PNGImages/PennPed00064.png,-1,"{}",3,0,"{""name"":""rect"",""x"":225,""y"":28,""width"":108,""height"":285}","{""type"":""Pedestrian"",""carry-on"":{""shoulder-bag"":true,""misc"":true}}"
../PennFudanPed/PNGImages/PennPed00064.png,-1,"{}",3,1,"{""name"":""rect"",""x"":95,""y"":45,""width"":43,""height"":93}","{""type"":""Pedestrian"",""occluded"":{""true"":true},""carry-on"":{}}"
../PennFudanPed/PNGImages/PennPed00064.png,-1,"{}",3,2,"{""name"":""rect"",""x"":31,""y"":45,""width"":41,""height"":68}","{""type"":""Pedestrian"",""occluded"":{""true"":true},""carry-on"":{}}"
../PennFudanPed/PNGImages/PennPed00065.png,-1,"{}",1,0,"{""name"":""rect"",""x"":23,""y"":20,""width"":115,""height"":283}","{""type"":""Pedestrian"",""carry-on"":{""backpack"":true}}"
../PennFudanPed/PNGImages/PennPed00066.png,-1,"{}",3,0,"{""name"":""rect"",""x"":10,""y"":75,""width"":117,""height"":289}","{""type"":""Pedestrian""}"
../PennFudanPed/PNGImages/PennPed00066.png,-1,"{}",3,1,"{""name"":""rect"",""x"":264,""y"":32,""width"":133,""height"":279}","{""type"":""Pedestrian"",""carry-on"":{""shoulder-bag"":true}}"
../PennFudanPed/PNGImages/PennPed00066.png,-1,"{}",3,2,"{""name"":""rect"",""x"":75,""y"":29,""width"":113,""height"":315}","{""type"":""Pedestrian"",""occluded"":{""true"":true}}"
../PennFudanPed/PNGImages/PennPed00067.png,-1,"{}",2,0,"{""name"":""rect"",""x"":36,""y"":12,""width"":147,""height"":285}","{""type"":""Pedestrian"",""carry-on"":{""hand-bag"":true}}"
../PennFudanPed/PNGImages/PennPed00067.png,-1,"{}",2,1,"{""name"":""rect"",""x"":295,""y"":58,""width"":51,""height"":96}","{""type"":""Pedestrian"",""occluded"":{""true"":true},""carry-on"":{""misc"":true}}"
../PennFudanPed/PNGImages/PennPed00068.png,-1,"{}",4,0,"{""name"":""rect"",""x"":42,""y"":88,""width"":110,""height"":275}","{""type"":""Pedestrian"",""carry-on"":{""shoulder-bag"":true}}"
../PennFudanPed/PNGImages/PennPed00068.png,-1,"{}",4,1,"{""name"":""rect"",""x"":188,""y"":55,""width"":94,""height"":293}","{""type"":""Pedestrian"",""carry-on"":{""shoulder-bag"":true}}"
../PennFudanPed/PNGImages/PennPed00068.png,-1,"{}",4,2,"{""name"":""rect"",""x"":430,""y"":36,""width"":137,""height"":312}","{""type"":""Pedestrian""}"
../PennFudanPed/PNGImages/PennPed00068.png,-1,"{}",4,3,"{""name"":""rect"",""x"":383,""y"":46,""width"":71,""height"":176}","{""type"":""Pedestrian"",""carry-on"":{""backpack"":true}}"
../PennFudanPed/PNGImages/PennPed00069.png,-1,"{}",2,0,"{""name"":""rect"",""x"":58,""y"":43,""width"":90,""height"":286}","{""type"":""Pedestrian"",""carry-on"":{""backpack"":true}}"
../PennFudanPed/PNGImages/PennPed00069.png,-1,"{}",2,1,"{""name"":""rect"",""x"":168,""y"":39,""width"":100,""height"":270}","{""type"":""Pedestrian""}"
../PennFudanPed/PNGImages/PennPed00070.png,-1,"{}",2,0,"{""name"":""rect"",""x"":14,""y"":23,""width"":107,""height"":317}","{""type"":""Pedestrian"",""carry-on"":{""backpack"":true}}"
../PennFudanPed/PNGImages/PennPed00070.png,-1,"{}",2,1,"{""name"":""rect"",""x"":184,""y"":13,""width"":121,""height"":298}","{""type"":""Pedestrian""}"
../PennFudanPed/PNGImages/PennPed00071.png,-1,"{}",6,0,"{""name"":""rect"",""x"":48,""y"":18,""width"":122,""height"":342}","{""type"":""Pedestrian"",""carry-on"":{""shoulder-bag"":true}}"
../PennFudanPed/PNGImages/PennPed00071.png,-1,"{}",6,1,"{""name"":""rect"",""x"":291,""y"":43,""width"":94,""height"":261}","{""type"":""Pedestrian"",""carry-on"":{""hand-bag"":true}}"
../PennFudanPed/PNGImages/PennPed00071.png,-1,"{}",6,2,"{""name"":""rect"",""x"":475,""y"":24,""width"":91,""height"":277}","{""type"":""Pedestrian""}"
../PennFudanPed/PNGImages/PennPed00071.png,-1,"{}",6,3,"{""name"":""rect"",""x"":600,""y"":12,""width"":115,""height"":293}","{""type"":""Pedestrian"",""carry-on"":{""backpack"":true}}"
../PennFudanPed/PNGImages/PennPed00071.png,-1,"{}",6,4,"{""name"":""rect"",""x"":566,""y"":52,""width"":45,""height"":127}","{""type"":""Pedestrian"",""occluded"":{""true"":true},""carry-on"":{""backpack"":true}}"
../PennFudanPed/PNGImages/PennPed00071.png,-1,"{}",6,5,"{""name"":""rect"",""x"":708,""y"":52,""width"":35,""height"":121}","{""type"":""Pedestrian"",""occluded"":{""true"":true}}"
../PennFudanPed/PNGImages/PennPed00072.png,-1,"{}",2,0,"{""name"":""rect"",""x"":133,""y"":24,""width"":120,""height"":312}","{""type"":""Pedestrian"",""carry-on"":{""shoulder-bag"":true}}"
../PennFudanPed/PNGImages/PennPed00072.png,-1,"{}",2,1,"{""name"":""rect"",""x"":279,""y"":51,""width"":151,""height"":278}","{""type"":""Pedestrian"",""carry-on"":{""hand-bag"":true,""misc"":true}}"
../PennFudanPed/PNGImages/PennPed00073.png,-1,"{}",3,0,"{""name"":""rect"",""x"":97,""y"":37,""width"":93,""height"":288}","{""type"":""Pedestrian"",""carry-on"":{""shoulder-bag"":true},""occluded"":{""true"":true}}"
../PennFudanPed/PNGImages/PennPed00073.png,-1,"{}",3,1,"{""name"":""rect"",""x"":181,""y"":45,""width"":95,""height"":294}","{""type"":""Pedestrian"",""carry-on"":{""hand-bag"":true}}"
../PennFudanPed/PNGImages/PennPed00073.png,-1,"{}",3,2,"{""name"":""rect"",""x"":315,""y"":50,""width"":97,""height"":280}","{""type"":""Pedestrian"",""carry-on"":{""shoulder-bag"":true}}"
../PennFudanPed/PNGImages/PennPed00074.png,-1,"{}",3,0,"{""name"":""rect"",""x"":259,""y"":30,""width"":162,""height"":286}","{""type"":""Pedestrian""}"
../PennFudanPed/PNGImages/PennPed00074.png,-1,"{}",3,1,"{""name"":""rect"",""x"":197,""y"":22,""width"":85,""height"":280}","{""type"":""Pedestrian""}"
../PennFudanPed/PNGImages/PennPed00074.png,-1,"{}",3,2,"{""name"":""rect"",""x"":116,""y"":47,""width"":106,""height"":247}","{""type"":""Pedestrian"",""carry-on"":{""backpack"":true},""occluded"":{""true"":true}}"
../PennFudanPed/PNGImages/PennPed00075.png,-1,"{}",1,0,"{""name"":""rect"",""x"":193,""y"":22,""width"":141,""height"":285}","{""type"":""Pedestrian"",""carry-on"":{""hand-bag"":true}}"
../PennFudanPed/PNGImages/PennPed00076.png,-1,"{}",1,0,"{""name"":""rect"",""x"":186,""y"":28,""width"":133,""height"":290}","{""type"":""Pedestrian"",""carry-on"":{""shoulder-bag"":true}}"
../PennFudanPed/PNGImages/PennPed00077.png,-1,"{}",1,0,"{""name"":""rect"",""x"":64,""y"":26,""width"":116,""height"":290}","{""type"":""Pedestrian"",""carry-on"":{""misc"":true}}"
../PennFudanPed/PNGImages/PennPed00078.png,-1,"{}",1,0,"{""name"":""rect"",""x"":215,""y"":58,""width"":104,""height"":296}","{""type"":""Pedestrian"",""carry-on"":{""misc"":true}}"
../PennFudanPed/PNGImages/PennPed00079.png,-1,"{}",1,0,"{""name"":""rect"",""x"":205,""y"":24,""width"":118,""height"":295}","{""type"":""Pedestrian"",""carry-on"":{""backpack"":true}}"
../PennFudanPed/PNGImages/PennPed00080.png,-1,"{}",3,0,"{""name"":""rect"",""x"":71,""y"":46,""width"":103,""height"":292}","{""type"":""Pedestrian"",""carry-on"":{""shoulder-bag"":true}}"
../PennFudanPed/PNGImages/PennPed00080.png,-1,"{}",3,1,"{""name"":""rect"",""x"":197,""y"":42,""width"":116,""height"":296}","{""type"":""Pedestrian"",""carry-on"":{""backpack"":true,""misc"":true}}"
../PennFudanPed/PNGImages/PennPed00080.png,-1,"{}",3,2,"{""name"":""rect"",""x"":319,""y"":43,""width"":102,""height"":288}","{""type"":""Pedestrian""}"
../PennFudanPed/PNGImages/PennPed00081.png,-1,"{}",3,0,"{""name"":""rect"",""x"":147,""y"":84,""width"":91,""height"":281}","{""type"":""Pedestrian"",""carry-on"":{""misc"":true,""backpack"":true}}"
../PennFudanPed/PNGImages/PennPed00081.png,-1,"{}",3,1,"{""name"":""rect"",""x"":232,""y"":53,""width"":104,""height"":306}","{""type"":""Pedestrian"",""carry-on"":{""backpack"":true}}"
../PennFudanPed/PNGImages/PennPed00081.png,-1,"{}",3,2,"{""name"":""rect"",""x"":329,""y"":74,""width"":125,""height"":291}","{""type"":""Pedestrian"",""carry-on"":{""shoulder-bag"":true}}"
../PennFudanPed/PNGImages/PennPed00082.png,-1,"{}",1,0,"{""name"":""rect"",""x"":79,""y"":21,""width"":149,""height"":290}","{""type"":""Pedestrian"",""carry-on"":{""backpack"":true}}"
../PennFudanPed/PNGImages/PennPed00083.png,-1,"{}",2,0,"{""name"":""rect"",""x"":107,""y"":31,""width"":141,""height"":295}","{""type"":""Pedestrian""}"
../PennFudanPed/PNGImages/PennPed00083.png,-1,"{}",2,1,"{""name"":""rect"",""x"":37,""y"":21,""width"":86,""height"":277}","{""type"":""Pedestrian""}"
../PennFudanPed/PNGImages/PennPed00084.png,-1,"{}",3,0,"{""name"":""rect"",""x"":141,""y"":45,""width"":168,""height"":296}","{""type"":""Pedestrian"",""occluded"":{}}"
../PennFudanPed/PNGImages/PennPed00084.png,-1,"{}",3,1,"{""name"":""rect"",""x"":273,""y"":20,""width"":88,""height"":313}","{""type"":""Pedestrian""}"
../PennFudanPed/PNGImages/PennPed00084.png,-1,"{}",3,2,"{""name"":""rect"",""x"":160,""y"":94,""width"":47,""height"":163}","{""type"":""Pedestrian"",""occluded"":{""true"":true}}"
../PennFudanPed/PNGImages/PennPed00085.png,-1,"{}",2,0,"{""name"":""rect"",""x"":88,""y"":26,""width"":111,""height"":275}","{""type"":""Pedestrian""}"
../PennFudanPed/PNGImages/PennPed00085.png,-1,"{}",2,1,"{""name"":""rect"",""x"":244,""y"":37,""width"":123,""height"":291}","{""type"":""Pedestrian""}"
../PennFudanPed/PNGImages/PennPed00086.png,-1,"{}",5,0,"{""name"":""rect"",""x"":7,""y"":32,""width"":101,""height"":220}","{""type"":""Pedestrian"",""carry-on"":{""backpack"":true,""misc"":true}}"
../PennFudanPed/PNGImages/PennPed00086.png,-1,"{}",5,1,"{""name"":""rect"",""x"":207,""y"":48,""width"":98,""height"":269}","{""type"":""Pedestrian""}"
../PennFudanPed/PNGImages/PennPed00086.png,-1,"{}",5,2,"{""name"":""rect"",""x"":344,""y"":31,""width"":112,""height"":293}","{""type"":""Pedestrian"",""carry-on"":{""hand-bag"":true}}"
../PennFudanPed/PNGImages/PennPed00086.png,-1,"{}",5,3,"{""name"":""rect"",""x"":72,""y"":162,""width"":107,""height"":190}","{""type"":""Pedestrian""}"
../PennFudanPed/PNGImages/PennPed00086.png,-1,"{}",5,4,"{""name"":""rect"",""x"":112,""y"":64,""width"":51,""height"":132}","{""type"":""Pedestrian"",""carry-on"":{""shoulder-bag"":true},""occluded"":{""true"":true}}"
../PennFudanPed/PNGImages/PennPed00087.png,-1,"{}",1,0,"{""name"":""rect"",""x"":22,""y"":15,""width"":125,""height"":306}","{""type"":""Pedestrian"",""carry-on"":{""backpack"":true,""hand-bag"":true,""misc"":true}}"
../PennFudanPed/PNGImages/PennPed00088.png,-1,"{}",1,0,"{""name"":""rect"",""x"":72,""y"":17,""width"":142,""height"":294}","{""type"":""Pedestrian"",""carry-on"":{""misc"":true}}"
../PennFudanPed/PNGImages/PennPed00089.png,-1,"{}",2,0,"{""name"":""rect"",""x"":84,""y"":24,""width"":80,""height"":269}","{""type"":""Pedestrian"",""carry-on"":{""misc"":true}}"
../PennFudanPed/PNGImages/PennPed00089.png,-1,"{}",2,1,"{""name"":""rect"",""x"":139,""y"":5,""width"":157,""height"":303}","{""type"":""Pedestrian"",""carry-on"":{""backpack"":true}}"
../PennFudanPed/PNGImages/PennPed00090.png,-1,"{}",3,0,"{""name"":""rect"",""x"":81,""y"":22,""width"":130,""height"":335}","{""type"":""Pedestrian""}"
../PennFudanPed/PNGImages/PennPed00090.png,-1,"{}",3,1,"{""name"":""rect"",""x"":42,""y"":38,""width"":79,""height"":307}","{""type"":""Pedestrian""}"
../PennFudanPed/PNGImages/PennPed00090.png,-1,"{}",3,2,"{""name"":""rect"",""x"":205,""y"":37,""width"":160,""height"":288}","{""type"":""Pedestrian""}"
../PennFudanPed/PNGImages/PennPed00091.png,-1,"{}",1,0,"{""name"":""rect"",""x"":211,""y"":25,""width"":124,""height"":295}","{""type"":""Pedestrian"",""carry-on"":{""shoulder-bag"":true}}"
../PennFudanPed/PNGImages/PennPed00092.png,-1,"{}",2,0,"{""name"":""rect"",""x"":105,""y"":75,""width"":205,""height"":358}","{""type"":""Pedestrian"",""carry-on"":{""backpack"":true}}"
../PennFudanPed/PNGImages/PennPed00092.png,-1,"{}",2,1,"{""name"":""rect"",""x"":287,""y"":93,""width"":176,""height"":296}","{""type"":""Pedestrian""}"
../PennFudanPed/PNGImages/PennPed00093.png,-1,"{}",1,0,"{""name"":""rect"",""x"":50,""y"":5,""width"":171,""height"":296}","{""type"":""Pedestrian"",""carry-on"":{""misc"":true}}"
../PennFudanPed/PNGImages/PennPed00094.png,-1,"{}",2,0,"{""name"":""rect"",""x"":121,""y"":26,""width"":271,""height"":301}","{""type"":""Pedestrian"",""carry-on"":{""luggage"":true}}"
../PennFudanPed/PNGImages/PennPed00094.png,-1,"{}",2,1,"{""name"":""rect"",""x"":28,""y"":274,""width"":93,""height"":57}","{""type"":""Pets"",""occluded"":{},""carry-on"":{}}"
../PennFudanPed/PNGImages/PennPed00095.png,-1,"{}",2,0,"{""name"":""rect"",""x"":192,""y"":49,""width"":107,""height"":287}","{""type"":""Pedestrian"",""carry-on"":{""hand-bag"":true}}"
../PennFudanPed/PNGImages/PennPed00095.png,-1,"{}",2,1,"{""name"":""rect"",""x"":319,""y"":54,""width"":112,""height"":280}","{""type"":""Pedestrian""}"
../PennFudanPed/PNGImages/PennPed00096.png,-1,"{}",2,0,"{""name"":""rect"",""x"":5,""y"":37,""width"":96,""height"":286}","{""type"":""Pedestrian"",""carry-on"":{""backpack"":true}}"
../PennFudanPed/PNGImages/PennPed00096.png,-1,"{}",2,1,"{""name"":""rect"",""x"":100,""y"":25,""width"":105,""height"":297}","{""type"":""Pedestrian"",""carry-on"":{""backpack"":true}}"